Tag Klan,ID War,Tanggal Arsip,Hasil,Nama Lawan,Tag,Nama,TH,Status Kita,Target Kita,Bintang Kita,Persen Kita,Tag Lawan,Nama Lawan,TH Lawan,Status Lawan,Target Lawan,Bintang Lawan,Persen Lawan
⚔️ GBK CREW (#2G8PU0GLJ) vs DIETARY (#2J8Y88J2Q),#2G8PU0GLJ-20251012-DIETARY,,,,,,,,,,,,,,,,,
#2G8PU0GLJ,#2G8PU0GLJ-20251012-DIETARY,12/10/2025,lose,DIETARY,#Q8GQQYRYR,IKY,16,✔️ 2/2,#80QRJ8YC2,3,100,#2J8Y88J2Q,Verisimilitude,16,✔️ 2/2,#Q8GQQYRYR,3,100
#2G8PU0GLJ,#2G8PU0GLJ-20251012-DIETARY,12/10/2025,lose,DIETARY,#CQC8LGUL,mugi dodit,16,✔️ 2/2,#QPVJQRVQV,3,100,#2J8Y88J2Q,RjhaY,16,✔️ 2/2,#CQC8LGUL,3,100
#2G8PU0GLJ,#2G8PU0GLJ-20251012-DIETARY,12/10/2025,lose,DIETARY,#G2PG0RRQJ,jogro,15,✔️ 2/2,#2G9PGRY9G,3,100,#2J8Y88J2Q,master shye fue,15,✔️ 2/2,#CQC8LGUL,2,65
#2G8PU0GLJ,#2G8PU0GLJ-20251012-DIETARY,12/10/2025,lose,DIETARY,#YC98YLQPG,MORE STATS,15,✔️ 2/2,#99GJVV2L,3,100,#2J8Y88J2Q,shinsetsu88,15,✔️ 2/2,#YC98YLQPG,3,100
#2G8PU0GLJ,#2G8PU0GLJ-20251012-DIETARY,12/10/2025,lose,DIETARY,#8LY9VJ8U9,I fheb,15,❌ 1/2,#GJUL9V2UQ,3,100,#2J8Y88J2Q,meneri,15,✔️ 2/2,#99RJ9LLR8,3,100
#2G8PU0GLJ,#2G8PU0GLJ-20251012-DIETARY,12/10/2025,lose,DIETARY,#Q2CL8JLUY,Saya sappol,15,❌ 1/2,#GYYRGQP8P,3,100,#2J8Y88J2Q,Master Jewel,14,✔️ 2/2,#8YVQ9RGCJ,3,100
#2G8PU0GLJ,#2G8PU0GLJ-20251012-DIETARY,12/10/2025,lose,DIETARY,#99RJ9LLR8,"BOSS ""BEDUD""",15,❌ 1/2,#GJUL9V2UQ,2,99,#2J8Y88J2Q,FrÄnshïn1830,14,✔️ 2/2,#QPRQULL8J,3,100
#2G8PU0GLJ,#2G8PU0GLJ-20251012-DIETARY,12/10/2025,lose,DIETARY,#8YVQ9RGCJ,J E C K O,14,✔️ 2/2,#GG9RRC8G2,3,100,#2J8Y88J2Q,bUcHoG,14,✔️ 2/2,#8YVQ9RGCJ,3,100
#2G8PU0GLJ,#2G8PU0GLJ-20251012-DIETARY,12/10/2025,lose,DIETARY,#GL822C20L,erlis,14,✔️ 2/2,#GRC82Y82J,1,68,#2J8Y88J2Q,fifty1,14,✔️ 2/2,#GL822C20L,3,100
#2G8PU0GLJ,#2G8PU0GLJ-20251012-DIETARY,12/10/2025,lose,DIETARY,#QPRQULL8J,Nightmare Gaaa,14,✔️ 2/2,#GGJ8VC2QU,2,96,#2J8Y88J2Q,ayin,14,✔️ 2/2,#YC98YLQPG,3,100
#2G8PU0GLJ,#2G8PU0GLJ-20251012-DIETARY,12/10/2025,lose,DIETARY,#L0YJ0QJCU,Raden Ujee,14,❌ 1/2,#GLY2Y8YCV,3,100,#2J8Y88J2Q,JADE,14,✔️ 2/2,#L0YJ0QJCU,3,100
#2G8PU0GLJ,#2G8PU0GLJ-20251012-DIETARY,12/10/2025,lose,DIETARY,#LR0QY20GQ,Pemain Clash,14,✔️ 2/2,#GLRY28LJR,3,100,#2J8Y88J2Q,anna,14,✔️ 2/2,#LR0QY20GQ,3,100
#2G8PU0GLJ,#2G8PU0GLJ-20251012-DIETARY,12/10/2025,lose,DIETARY,#LGLPRYCCC,junet ayee,14,✔️ 2/2,#G0RYY92R9,3,100,#2J8Y88J2Q,papawpipaw,14,✔️ 2/2,#LGLPRYCCC,2,97
#2G8PU0GLJ,#2G8PU0GLJ-20251012-DIETARY,12/10/2025,lose,DIETARY,#PVCCQUV8P,ardiansyah,14,✔️ 2/2,#GLY8V8CCL,3,100,#2J8Y88J2Q,guffy,14,❌ 1/2,#PVCCQUV8P,2,79
#2G8PU0GLJ,#2G8PU0GLJ-20251012-DIETARY,12/10/2025,lose,DIETARY,#G0LP80CV0,Nurizah,14,✔️ 2/2,#LV0GCULCG,3,100,#2J8Y88J2Q,SenSie FraWen,14,✔️ 2/2,#GCR9LC822,3,100
#2G8PU0GLJ,#2G8PU0GLJ-20251012-DIETARY,12/10/2025,lose,DIETARY,#PG00VC92Y,Dhiraj,13,❌ 0/2,—,—,—,#2J8Y88J2Q,Ronnn,13,✔️ 2/2,#G0LP80CV0,2,96
#2G8PU0GLJ,#2G8PU0GLJ-20251012-DIETARY,12/10/2025,lose,DIETARY,#9JUUGCGP0,EfendyZero,13,✔️ 2/2,#GJQ22LP9V,3,100,#2J8Y88J2Q,viel,13,✔️ 2/2,#G9VPJGYUU,3,100
#2G8PU0GLJ,#2G8PU0GLJ-20251012-DIETARY,12/10/2025,lose,DIETARY,#QL8V29QU8,"""Hendra""",13,✔️ 2/2,#LQ2G9R28G,2,56,#2J8Y88J2Q,NESCAFE,13,✔️ 2/2,#QL8V29QU8,3,100
#2G8PU0GLJ,#2G8PU0GLJ-20251012-DIETARY,12/10/2025,lose,DIETARY,#GCR9LC822,lampung 123,14,❌ 0/2,—,—,—,#2J8Y88J2Q,zekejared,13,✔️ 2/2,#GG8R02YY9,3,100
#2G8PU0GLJ,#2G8PU0GLJ-20251012-DIETARY,12/10/2025,lose,DIETARY,#G9VPJGYUU,sarmila27,13,✔️ 2/2,#GGGUV2QUP,3,100,#2J8Y88J2Q,dark lady,12,✔️ 2/2,#GL2GQ9PPY,3,100
#2G8PU0GLJ,#2G8PU0GLJ-20251012-DIETARY,12/10/2025,lose,DIETARY,#GG8R02YY9,IKY,13,✔️ 2/2,#GCP2C820P,3,100,#2J8Y88J2Q,jeff,12,❌ 1/2,#GG8R02YY9,2,66
#2G8PU0GLJ,#2G8PU0GLJ-20251012-DIETARY,12/10/2025,lose,DIETARY,#GL2GQ9PPY,Baiq mayza,12,✔️ 2/2,#GGP2YJGRV,3,100,#2J8Y88J2Q,nathan,12,❌ 0/2,—,—,—
#2G8PU0GLJ,#2G8PU0GLJ-20251012-DIETARY,12/10/2025,lose,DIETARY,#GV0URJ99G,zHEND,12,❌ 1/2,#GLQ2GCP9V,2,96,#2J8Y88J2Q,liam,12,❌ 0/2,—,—,—
#2G8PU0GLJ,#2G8PU0GLJ-20251012-DIETARY,12/10/2025,lose,DIETARY,#GQ9U90QVL,IKY,12,✔️ 2/2,#GLQ2GCP9V,3,100,#2J8Y88J2Q,apt.apt,12,✔️ 2/2,#GU892C02J,3,100
#2G8PU0GLJ,#2G8PU0GLJ-20251012-DIETARY,12/10/2025,lose,DIETARY,#GU892C02J,IKY THXV,12,❌ 1/2,#LCQRCJ2YC,3,100,#2J8Y88J2Q,leovyael,11,❌ 1/2,#GU892C02J,3,100
⚔️ GBK SQUAD (#2GQ9R8Y2R) vs BAD ARMOR (#2JYRLGR2G),#2GQ9R8Y2R-20251012-BADARMOR,,,,,,,,,,,,,,,,,
#2GQ9R8Y2R,#2GQ9R8Y2R-20251012-BADARMOR,12/10/2025,lose,BAD ARMOR,#YJCJYQ0R,⚓ C. W ⚓ Fian,13,✔️ 2/2,#GJU80RCCR,3,100,#2JYRLGR2G,Dhodjie,14,✔️ 2/2,#GJLRQU9G8,3,100
#2GQ9R8Y2R,#2GQ9R8Y2R-20251012-BADARMOR,12/10/2025,lose,BAD ARMOR,#GJLRQU9G8,StarKiller,13,✔️ 2/2,#QCVP9Q0CG,2,99,#2JYRLGR2G,Alchemist #2,13,✔️ 2/2,#GLG092G9Q,3,100
#2GQ9R8Y2R,#2GQ9R8Y2R-20251012-BADARMOR,12/10/2025,lose,BAD ARMOR,#GLG092G9Q,Supercell,12,✔️ 2/2,#QCVP9Q0CG,1,76,#2JYRLGR2G,muzikajhay,12,❌ 0/2,—,—,—
#2GQ9R8Y2R,#2GQ9R8Y2R-20251012-BADARMOR,12/10/2025,lose,BAD ARMOR,#2V8PG8QLL,FIANDI48,12,❌ 0/2,—,—,—,#2JYRLGR2G,Alchemist,11,✔️ 2/2,#G98R2GPY0,3,100
#2GQ9R8Y2R,#2GQ9R8Y2R-20251012-BADARMOR,12/10/2025,lose,BAD ARMOR,#G2PQVJVVP,Snacky,11,✔️ 2/2,#G8VLUUVPL,3,100,#2JYRLGR2G,butaw.Ü,12,✔️ 2/2,#GLVUGPQJ2,3,100
#2GQ9R8Y2R,#2GQ9R8Y2R-20251012-BADARMOR,12/10/2025,lose,BAD ARMOR,#G98R2GPY0,Tradosik,11,✔️ 2/2,#GRLUL9G0P,3,100,#2JYRLGR2G,fatur008,11,✔️ 2/2,#LV9298Q0U,3,100
#2GQ9R8Y2R,#2GQ9R8Y2R-20251012-BADARMOR,12/10/2025,lose,BAD ARMOR,#GLVUGPQJ2,ANJAYYY,11,✔️ 2/2,#G00PL8L2C,3,100,#2JYRLGR2G,octobero,11,❌ 0/2,—,—,—
#2GQ9R8Y2R,#2GQ9R8Y2R-20251012-BADARMOR,12/10/2025,lose,BAD ARMOR,#QJLJ2VQ0Q,⠀⠀⠀⠀⠀⠀⠀⠀⠀⠀⠀⠀⠀⠀⠀,11,✔️ 2/2,#GGCCLRY8L,2,82,#2JYRLGR2G,pakara.Ü,11,✔️ 2/2,#QUQQYYUQ8,3,100
#2GQ9R8Y2R,#2GQ9R8Y2R-20251012-BADARMOR,12/10/2025,lose,BAD ARMOR,#GU2U9LQJC,IKY,11,❌ 1/2,#2P2J9PV8V,1,69,#2JYRLGR2G,saline,12,✔️ 2/2,#G2PQVJVVP,3,100
#2GQ9R8Y2R,#2GQ9R8Y2R-20251012-BADARMOR,12/10/2025,lose,BAD ARMOR,#QUQQYYUQ8,DR REFOR,11,❌ 0/2,—,—,—,#2JYRLGR2G,Adminmakoy2,10,❌ 0/2,—,—,—
#2GQ9R8Y2R,#2GQ9R8Y2R-20251012-BADARMOR,12/10/2025,lose,BAD ARMOR,#GG9QYCV2Y,C.W kurapika,10,✔️ 2/2,#QV2JG9P0C,3,100,#2JYRLGR2G,Robin,10,✔️ 2/2,#GG9QYCV2Y,3,100
#2GQ9R8Y2R,#2GQ9R8Y2R-20251012-BADARMOR,12/10/2025,lose,BAD ARMOR,#GV82P2JV8,IKY,10,✔️ 2/2,#G0LVC8P02,3,100,#2JYRLGR2G,mark_angelo~28,10,❌ 0/2,—,—,—
#2GQ9R8Y2R,#2GQ9R8Y2R-20251012-BADARMOR,12/10/2025,lose,BAD ARMOR,#GRGY9GPLP,⚓C.W⚓Einstein,10,✔️ 2/2,#G0LVC8P02,3,100,#2JYRLGR2G,ZeL,10,✔️ 2/2,#GRGY9GPLP,3,100
#2GQ9R8Y2R,#2GQ9R8Y2R-20251012-BADARMOR,12/10/2025,lose,BAD ARMOR,#GRL8VLYC0,Inspire,10,❌ 1/2,#GYGRLCRGJ,3,100,#2JYRLGR2G,yamneth,10,❌ 0/2,—,—,—
#2GQ9R8Y2R,#2GQ9R8Y2R-20251012-BADARMOR,12/10/2025,lose,BAD ARMOR,#GLPYQRQLC,Lanaa,10,✔️ 2/2,#GPG2CGVVJ,3,100,#2JYRLGR2G,F3RRYW4N,9,❌ 0/2,—,—,—
#2GQ9R8Y2R,#2GQ9R8Y2R-20251012-BADARMOR,12/10/2025,lose,BAD ARMOR,#GYVPCYVRU,AYAH ANG,10,❌ 0/2,—,—,—,#2JYRLGR2G,Jiedho,9,✔️ 2/2,#GYVPCYVRU,3,100
#2GQ9R8Y2R,#2GQ9R8Y2R-20251012-BADARMOR,12/10/2025,lose,BAD ARMOR,#GJQCPRYP2,يا إلاهي,10,✔️ 2/2,#GCCJC29G0,3,100,#2JYRLGR2G,Val Giovanni,9,❌ 1/2,#GPUYUURLC,1,89
#2GQ9R8Y2R,#2GQ9R8Y2R-20251012-BADARMOR,12/10/2025,lose,BAD ARMOR,#GPUYUURLC,IKY,9,✔️ 2/2,#GU9LQUR9U,3,100,#2JYRLGR2G,b.love,10,✔️ 2/2,#GPUYUURLC,2,79
#2GQ9R8Y2R,#2GQ9R8Y2R-20251012-BADARMOR,12/10/2025,lose,BAD ARMOR,#GPP0RVC0R,zheaa,9,✔️ 2/2,#2P2J9PV8V,0,40,#2JYRLGR2G,hibari,9,✔️ 2/2,#GJQCPRYP2,3,100
#2GQ9R8Y2R,#2GQ9R8Y2R-20251012-BADARMOR,12/10/2025,lose,BAD ARMOR,#LV9298Q0U,NoClass,9,✔️ 2/2,#GCQ890LYV,3,100,#2JYRLGR2G,ywaka,8,❌ 0/2,—,—,—
⚔️ GBK SQUAD (#2GQ9R8Y2R) vs PARLAMENT 1918 (#2J2LR0U00),#2GQ9R8Y2R-20251014-PARLAMENT1918,,,,,,,,,,,,,,,,,
#2GQ9R8Y2R,#2GQ9R8Y2R-20251014-PARLAMENT1918,14/10/2025,win,PARLAMENT 1918,#GLG092G9Q,Supercell,12,❌ 0/2,—,—,—,#2J2LR0U00,Okeal,12,✔️ 2/2,#GLG092G9Q,3,100
#2GQ9R8Y2R,#2GQ9R8Y2R-20251014-PARLAMENT1918,14/10/2025,win,PARLAMENT 1918,#QRC0VJJGY,cu$$,12,❌ 0/2,—,—,—,#2J2LR0U00,Doğukan,12,❌ 0/2,—,—,—
#2GQ9R8Y2R,#2GQ9R8Y2R-20251014-PARLAMENT1918,14/10/2025,win,PARLAMENT 1918,#LLYLYV2QQ,fendy,11,✔️ 2/2,#GGVYUYPPC,3,100,#2J2LR0U00,MühendisBey,11,❌ 0/2,—,—,—
#2GQ9R8Y2R,#2GQ9R8Y2R-20251014-PARLAMENT1918,14/10/2025,win,PARLAMENT 1918,#G2PQVJVVP,Snacky,11,✔️ 2/2,#GVRL0QU29,3,100,#2J2LR0U00,Yaşar♥İrem,11,❌ 0/2,—,—,—
#2GQ9R8Y2R,#2GQ9R8Y2R-20251014-PARLAMENT1918,14/10/2025,win,PARLAMENT 1918,#G98R2GPY0,Tradosik,11,✔️ 2/2,#LCGYCL2CP,3,100,#2J2LR0U00,YasaY_01,11,❌ 0/2,—,—,—
#2GQ9R8Y2R,#2GQ9R8Y2R-20251014-PARLAMENT1918,14/10/2025,win,PARLAMENT 1918,#GLVUGPQJ2,ANJAYYY,11,✔️ 2/2,#GUUCVY2QJ,3,100,#2J2LR0U00,Caddy,11,✔️ 2/2,#GU2U9LQJC,3,100
#2GQ9R8Y2R,#2GQ9R8Y2R-20251014-PARLAMENT1918,14/10/2025,win,PARLAMENT 1918,#QJLJ2VQ0Q,⠀⠀⠀⠀⠀⠀⠀⠀⠀⠀⠀⠀⠀⠀⠀,11,✔️ 2/2,#G2VG2Y0V8,3,100,#2J2LR0U00,Vüqar Əliyev,11,✔️ 2/2,#QJLJ2VQ0Q,3,100
#2GQ9R8Y2R,#2GQ9R8Y2R-20251014-PARLAMENT1918,14/10/2025,win,PARLAMENT 1918,#GU2U9LQJC,IKY,11,✔️ 2/2,#GR0PU0Q98,3,100,#2J2LR0U00,SEFO,10,✔️ 2/2,#GQC0PUP8R,3,100
#2GQ9R8Y2R,#2GQ9R8Y2R-20251014-PARLAMENT1918,14/10/2025,win,PARLAMENT 1918,#GRPCVYYVV,SAMPURNA 4,10,✔️ 2/2,#G22RJUPQ8,3,100,#2J2LR0U00,ABDURRAHMAN,10,✔️ 2/2,#GRYVU89CP,3,100
#2GQ9R8Y2R,#2GQ9R8Y2R-20251014-PARLAMENT1918,14/10/2025,win,PARLAMENT 1918,#GRYVU89CP,Pan,10,❌ 0/2,—,—,—,#2J2LR0U00,LEGEND_555,10,❌ 0/2,—,—,—
#2GQ9R8Y2R,#2GQ9R8Y2R-20251014-PARLAMENT1918,14/10/2025,win,PARLAMENT 1918,#GQC0PUP8R,ra!,10,❌ 0/2,—,—,—,#2J2LR0U00,Çeto,10,✔️ 2/2,#GRGUVYPJU,3,100
#2GQ9R8Y2R,#2GQ9R8Y2R-20251014-PARLAMENT1918,14/10/2025,win,PARLAMENT 1918,#Q2PUQJ0Q9,hdhr yg brjfbd,10,❌ 1/2,#GGVYUYPPC,1,81,#2J2LR0U00,AZADÎ,10,❌ 0/2,—,—,—
#2GQ9R8Y2R,#2GQ9R8Y2R-20251014-PARLAMENT1918,14/10/2025,win,PARLAMENT 1918,#GV82P2JV8,IKY,10,✔️ 2/2,#R02YVYP8Q,3,100,#2J2LR0U00,muhammed,10,❌ 0/2,—,—,—
#2GQ9R8Y2R,#2GQ9R8Y2R-20251014-PARLAMENT1918,14/10/2025,win,PARLAMENT 1918,#GRGY9GPLP,⚓C.W⚓Einstein,10,✔️ 2/2,#GVJCQGRJR,3,100,#2J2LR0U00,Akkınal,10,❌ 1/2,#GRL8VLYC0,2,88
#2GQ9R8Y2R,#2GQ9R8Y2R-20251014-PARLAMENT1918,14/10/2025,win,PARLAMENT 1918,#GRGUVYPJU,£RAFKY™®,10,❌ 0/2,—,—,—,#2J2LR0U00,Aygumus,10,❌ 0/2,—,—,—
#2GQ9R8Y2R,#2GQ9R8Y2R-20251014-PARLAMENT1918,14/10/2025,win,PARLAMENT 1918,#GRL8VLYC0,Inspire,10,❌ 0/2,—,—,—,#2J2LR0U00,Anastasia,10,❌ 1/2,#GRL8VLYC0,2,99
#2GQ9R8Y2R,#2GQ9R8Y2R-20251014-PARLAMENT1918,14/10/2025,win,PARLAMENT 1918,#PR88Q8C8R,Kiottt,10,✔️ 2/2,#GJLJPYLJV,3,100,#2J2LR0U00,hardAT,10,✔️ 2/2,#GL8U02PPP,3,100
#2GQ9R8Y2R,#2GQ9R8Y2R-20251014-PARLAMENT1918,14/10/2025,win,PARLAMENT 1918,#GPUYUURLC,IKY,9,✔️ 2/2,#2PCV9CY2U,3,100,#2J2LR0U00,CİNO,10,❌ 0/2,—,—,—
#2GQ9R8Y2R,#2GQ9R8Y2R-20251014-PARLAMENT1918,14/10/2025,win,PARLAMENT 1918,#GL8U02PPP,Mam,10,✔️ 2/2,#G2CLV882P,3,100,#2J2LR0U00,Pursuit,9,✔️ 2/2,#GPUYUURLC,3,100
#2GQ9R8Y2R,#2GQ9R8Y2R-20251014-PARLAMENT1918,14/10/2025,win,PARLAMENT 1918,#GPP0RVC0R,zheaa,9,✔️ 2/2,#QG88LCYCJ,3,100,#2J2LR0U00,Burak Bağ,9,❌ 1/2,#GPP0RVC0R,1,61
⚔️ GBK CREW (#2G8PU0GLJ) vs EMPERIAL KINGS (#2R8YU0G0Y),#2G8PU0GLJ-20251016-EMPERIALKINGS,,,,,,,,,,,,,,,,,
#2G8PU0GLJ,#2G8PU0GLJ-20251016-EMPERIALKINGS,16/10/2025,win,EMPERIAL KINGS,#Q8GQQYRYR,IKY,16,✔️ 2/2,#PPU2JGLGY,3,100,#2R8YU0G0Y,❤AKASH KHAN❤,17,✔️ 2/2,#8QQJL0V0Q,2,91
#2G8PU0GLJ,#2G8PU0GLJ-20251016-EMPERIALKINGS,16/10/2025,win,EMPERIAL KINGS,#8QQJL0V0Q,RONEY,16,✔️ 2/2,#PGUYC99UL,3,100,#2R8YU0G0Y,GURU AVASTHI,16,✔️ 2/2,#L0YJ0QJCU,2,88
#2G8PU0GLJ,#2G8PU0GLJ-20251016-EMPERIALKINGS,16/10/2025,win,EMPERIAL KINGS,#YC98YLQPG,MORE STATS,15,✔️ 2/2,#R9LQCP9Y,3,100,#2R8YU0G0Y,❤❤BD HASAN❤❤,14,✔️ 2/2,#GG8R02YY9,3,100
#2G8PU0GLJ,#2G8PU0GLJ-20251016-EMPERIALKINGS,16/10/2025,win,EMPERIAL KINGS,#8YVQ9RGCJ,J E C K O,14,✔️ 2/2,#LJYRRQVCJ,3,100,#2R8YU0G0Y,genius,14,✔️ 2/2,#G9VPJGYUU,3,100
#2G8PU0GLJ,#2G8PU0GLJ-20251016-EMPERIALKINGS,16/10/2025,win,EMPERIAL KINGS,#L0YJ0QJCU,Raden Ujee,14,❌ 0/2,—,—,—,#2R8YU0G0Y,TATO POGI,14,✔️ 2/2,#L0YJ0QJCU,2,64
#2G8PU0GLJ,#2G8PU0GLJ-20251016-EMPERIALKINGS,16/10/2025,win,EMPERIAL KINGS,#LR0QY20GQ,Pemain Clash,14,✔️ 2/2,#2CULPJLPJ,3,100,#2R8YU0G0Y,superman♤♤,14,✔️ 2/2,#LR0QY20GQ,3,100
#2G8PU0GLJ,#2G8PU0GLJ-20251016-EMPERIALKINGS,16/10/2025,win,EMPERIAL KINGS,#LGLPRYCCC,junet ayee,14,✔️ 2/2,#LP2P29LG0,3,100,#2R8YU0G0Y,『MRッANURAG,14,✔️ 2/2,#L0YJ0QJCU,2,97
#2G8PU0GLJ,#2G8PU0GLJ-20251016-EMPERIALKINGS,16/10/2025,win,EMPERIAL KINGS,#G0LP80CV0,Nurizah,14,❌ 0/2,—,—,—,#2R8YU0G0Y,Eren!!,14,✔️ 2/2,#G0LP80CV0,3,100
#2G8PU0GLJ,#2G8PU0GLJ-20251016-EMPERIALKINGS,16/10/2025,win,EMPERIAL KINGS,#YVP8Y0UQU,MORE STATS 01,14,✔️ 2/2,#QCYG0GGGC,2,69,#2R8YU0G0Y,Maverick,14,✔️ 2/2,#PG00VC92Y,3,100
#2G8PU0GLJ,#2G8PU0GLJ-20251016-EMPERIALKINGS,16/10/2025,win,EMPERIAL KINGS,#PG00VC92Y,Dhiraj,13,❌ 1/2,#QCYG0GGGC,1,72,#2R8YU0G0Y,mijanur,14,✔️ 2/2,#QL8V29QU8,3,100
#2G8PU0GLJ,#2G8PU0GLJ-20251016-EMPERIALKINGS,16/10/2025,win,EMPERIAL KINGS,#9JUUGCGP0,EfendyZero,13,✔️ 2/2,#QU0JCQQYR,3,100,#2R8YU0G0Y,Aziz,13,✔️ 2/2,#GG8R02YY9,2,71
#2G8PU0GLJ,#2G8PU0GLJ-20251016-EMPERIALKINGS,16/10/2025,win,EMPERIAL KINGS,#QL8V29QU8,"""Hendra""",13,✔️ 2/2,#8CLYRU88,3,100,#2R8YU0G0Y,GURU,13,❌ 0/2,—,—,—
#2G8PU0GLJ,#2G8PU0GLJ-20251016-EMPERIALKINGS,16/10/2025,win,EMPERIAL KINGS,#G9VPJGYUU,sarmila27,13,✔️ 2/2,#QCYG0GGGC,2,82,#2R8YU0G0Y,{[-S.W.O.R.D-]},13,✔️ 2/2,#G9VPJGYUU,2,61
#2G8PU0GLJ,#2G8PU0GLJ-20251016-EMPERIALKINGS,16/10/2025,win,EMPERIAL KINGS,#GG8R02YY9,IKY,13,✔️ 2/2,#QY9LJ22RC,3,100,#2R8YU0G0Y,KingOfWaffles,13,✔️ 2/2,#YC98YLQPG,1,58
#2G8PU0GLJ,#2G8PU0GLJ-20251016-EMPERIALKINGS,16/10/2025,win,EMPERIAL KINGS,#GQ9U90QVL,IKY,12,✔️ 2/2,#8V0GJJQQ9,2,84,#2R8YU0G0Y,Subhransu,13,❌ 1/2,#GQ9U90QVL,3,100
⚔️ GBK SQUAD (#2GQ9R8Y2R) vs SWEET HOME (#2C8RQ2V0V),#2GQ9R8Y2R-20251017-SWEETHOME,,,,,,,,,,,,,,,,,
#2GQ9R8Y2R,#2GQ9R8Y2R-20251017-SWEETHOME,17/10/2025,lose,SWEET HOME,#QU8C2YRR9,serabi lempit,15,❌ 0/2,—,—,—,#2C8RQ2V0V,mrdestroyer,14,✔️ 2/2,#QU8C2YRR9,3,100
#2GQ9R8Y2R,#2GQ9R8Y2R-20251017-SWEETHOME,17/10/2025,lose,SWEET HOME,#GLG092G9Q,Supercell,12,✔️ 2/2,#L9V8QCG80,3,100,#2C8RQ2V0V,J-Dept,12,✔️ 2/2,#QRC0VJJGY,3,100
#2GQ9R8Y2R,#2GQ9R8Y2R-20251017-SWEETHOME,17/10/2025,lose,SWEET HOME,#QRC0VJJGY,cu$$,12,❌ 1/2,#L9V8QCG80,2,83,#2C8RQ2V0V,LJ,12,❌ 0/2,—,—,—
#2GQ9R8Y2R,#2GQ9R8Y2R-20251017-SWEETHOME,17/10/2025,lose,SWEET HOME,#2V8PG8QLL,FIANDI48,12,❌ 0/2,—,—,—,#2C8RQ2V0V,Ed Sheeran,11,✔️ 2/2,#G2PQVJVVP,3,100
#2GQ9R8Y2R,#2GQ9R8Y2R-20251017-SWEETHOME,17/10/2025,lose,SWEET HOME,#G2PQVJVVP,Snacky,11,✔️ 2/2,#QPQGL9QRL,3,100,#2C8RQ2V0V,Chiminacho,11,✔️ 2/2,#GRYVU89CP,3,100
#2GQ9R8Y2R,#2GQ9R8Y2R-20251017-SWEETHOME,17/10/2025,lose,SWEET HOME,#G98R2GPY0,Tradosik,11,✔️ 2/2,#PP0L28CC,3,100,#2C8RQ2V0V,Samba Yeamin,11,✔️ 2/2,#GPP0RVC0R,3,100
#2GQ9R8Y2R,#2GQ9R8Y2R-20251017-SWEETHOME,17/10/2025,lose,SWEET HOME,#GLVUGPQJ2,ANJAYYY,11,✔️ 2/2,#GGLVV09YG,3,100,#2C8RQ2V0V,Gandalf,11,❌ 0/2,—,—,—
#2GQ9R8Y2R,#2GQ9R8Y2R-20251017-SWEETHOME,17/10/2025,lose,SWEET HOME,#GU2U9LQJC,IKY,11,✔️ 2/2,#GVPPUUQRU,3,100,#2C8RQ2V0V,nemanjaaa,11,❌ 0/2,—,—,—
#2GQ9R8Y2R,#2GQ9R8Y2R-20251017-SWEETHOME,17/10/2025,lose,SWEET HOME,#GRYVU89CP,Pan,11,✔️ 2/2,#GJ0U0G8LY,3,100,#2C8RQ2V0V,el rayo,10,✔️ 2/2,#PR88Q8C8R,3,100
#2GQ9R8Y2R,#2GQ9R8Y2R-20251017-SWEETHOME,17/10/2025,lose,SWEET HOME,#GQC0PUP8R,ra!,10,✔️ 2/2,#90UUYU28C,3,100,#2C8RQ2V0V,THE VeMpIoR,10,❌ 0/2,—,—,—
#2GQ9R8Y2R,#2GQ9R8Y2R-20251017-SWEETHOME,17/10/2025,lose,SWEET HOME,#GV82P2JV8,IKY,10,✔️ 2/2,#GVRVCPPGV,3,100,#2C8RQ2V0V,ABHIRAM,10,❌ 0/2,—,—,—
#2GQ9R8Y2R,#2GQ9R8Y2R-20251017-SWEETHOME,17/10/2025,lose,SWEET HOME,#GRGY9GPLP,⚓C.W⚓Einstein,10,✔️ 2/2,#LYLR0JYQG,3,100,#2C8RQ2V0V,skiXtch,10,✔️ 2/2,#GV82P2JV8,3,100
#2GQ9R8Y2R,#2GQ9R8Y2R-20251017-SWEETHOME,17/10/2025,lose,SWEET HOME,#GCQQJQ2LV,YANZ,10,❌ 0/2,—,—,—,#2C8RQ2V0V,popo,10,✔️ 2/2,#GRL8VLYC0,3,100
#2GQ9R8Y2R,#2GQ9R8Y2R-20251017-SWEETHOME,17/10/2025,lose,SWEET HOME,#GRL8VLYC0,Inspire,10,❌ 1/2,#GV2QG0QR2,2,92,#2C8RQ2V0V,Aber,10,✔️ 2/2,#GRGY9GPLP,3,100
#2GQ9R8Y2R,#2GQ9R8Y2R-20251017-SWEETHOME,17/10/2025,lose,SWEET HOME,#GL8U02PPP,Mam,10,✔️ 2/2,#GL8YULCU2,2,82,#2C8RQ2V0V,David,10,✔️ 2/2,#GQC0PUP8R,3,100
#2GQ9R8Y2R,#2GQ9R8Y2R-20251017-SWEETHOME,17/10/2025,lose,SWEET HOME,#PR88Q8C8R,Kiottt,10,✔️ 2/2,#GL8YULCU2,2,63,#2C8RQ2V0V,Mystic X,10,✔️ 2/2,#GRGY9GPLP,2,91
#2GQ9R8Y2R,#2GQ9R8Y2R-20251017-SWEETHOME,17/10/2025,lose,SWEET HOME,#GPUYUURLC,IKY,9,✔️ 2/2,#GUQGL9Y2R,3,100,#2C8RQ2V0V,BAD N CRAZY,10,✔️ 2/2,#GPUYUURLC,3,100
#2GQ9R8Y2R,#2GQ9R8Y2R-20251017-SWEETHOME,17/10/2025,lose,SWEET HOME,#GPP0RVC0R,zheaa,9,✔️ 2/2,#GJ0U0G8LY,1,65,#2C8RQ2V0V,CityTaker2,10,✔️ 2/2,#GU2U9LQJC,3,100
#2GQ9R8Y2R,#2GQ9R8Y2R-20251017-SWEETHOME,17/10/2025,lose,SWEET HOME,#Q82VY2VC8,hanif,10,❌ 1/2,#GL8YULCU2,0,27,#2C8RQ2V0V,much lake asame,10,✔️ 2/2,#GLVUGPQJ2,2,66
#2GQ9R8Y2R,#2GQ9R8Y2R-20251017-SWEETHOME,17/10/2025,lose,SWEET HOME,#R080UUU9Q,Dewaa12,9,❌ 1/2,#90UUYU28C,0,45,#2C8RQ2V0V,el rayo no love,9,✔️ 2/2,#R080UUU9Q,3,100
⚔️ GBK CREW (#2G8PU0GLJ) vs G.KAPAK (#2Q8GLU8JC),#2G8PU0GLJ-20251018-GKAPAK,,,,,,,,,,,,,,,,,
#2G8PU0GLJ,#2G8PU0GLJ-20251018-GKAPAK,18/10/2025,win,G.KAPAK,#Q8GQQYRYR,IKY,16,✔️ 2/2,4. NaraNiul,3,100,#2Q8GLU8JC,al-kaffi,16,✔️ 2/2,1. IKY,3,100
#2G8PU0GLJ,#2G8PU0GLJ-20251018-GKAPAK,18/10/2025,win,G.KAPAK,#Q8GQQYRYR,IKY,16,✔️ 2/2,1. al-kaffi,3,100,#2Q8GLU8JC,al-kaffi,16,✔️ 2/2,2. RONEY,3,100
#2G8PU0GLJ,#2G8PU0GLJ-20251018-GKAPAK,18/10/2025,win,G.KAPAK,#8QQJL0V0Q,RONEY,16,✔️ 2/2,1. al-kaffi,3,100,#2Q8GLU8JC,Uzumaki Niul,15,✔️ 2/2,3. jogro,3,100
#2G8PU0GLJ,#2G8PU0GLJ-20251018-GKAPAK,18/10/2025,win,G.KAPAK,#8QQJL0V0Q,RONEY,16,✔️ 2/2,2. Uzumaki Niul,3,100,#2Q8GLU8JC,Uzumaki Niul,15,✔️ 2/2,5. Saya sappol,2,94
#2G8PU0GLJ,#2G8PU0GLJ-20251018-GKAPAK,18/10/2025,win,G.KAPAK,#G2PG0RRQJ,jogro,15,❌ 0/2,—,—,—,#2Q8GLU8JC,Hyuga Niul,15,✔️ 2/2,4. MORE STATS,3,100
#2G8PU0GLJ,#2G8PU0GLJ-20251018-GKAPAK,18/10/2025,win,G.KAPAK,#G2PG0RRQJ,jogro,15,❌ 0/2,—,—,—,#2Q8GLU8JC,Hyuga Niul,15,✔️ 2/2,11. MORE STATS 01,3,100
#2G8PU0GLJ,#2G8PU0GLJ-20251018-GKAPAK,18/10/2025,win,G.KAPAK,#YC98YLQPG,MORE STATS,15,✔️ 2/2,5. Faisrezo,2,90,#2Q8GLU8JC,NaraNiul,15,✔️ 2/2,7. pethock,3,100
#2G8PU0GLJ,#2G8PU0GLJ-20251018-GKAPAK,18/10/2025,win,G.KAPAK,#YC98YLQPG,MORE STATS,15,✔️ 2/2,3. Hyuga Niul,3,100,#2Q8GLU8JC,NaraNiul,15,✔️ 2/2,13. EfendyZero,3,100
#2G8PU0GLJ,#2G8PU0GLJ-20251018-GKAPAK,18/10/2025,win,G.KAPAK,#Q2CL8JLUY,Saya sappol,15,❌ 0/2,—,—,—,#2Q8GLU8JC,Faisrezo,15,✔️ 2/2,5. Saya sappol,2,89
#2G8PU0GLJ,#2G8PU0GLJ-20251018-GKAPAK,18/10/2025,win,G.KAPAK,#Q2CL8JLUY,Saya sappol,15,❌ 0/2,—,—,—,#2Q8GLU8JC,Faisrezo,15,✔️ 2/2,6. J E C K O,3,100
#2G8PU0GLJ,#2G8PU0GLJ-20251018-GKAPAK,18/10/2025,win,G.KAPAK,#8YVQ9RGCJ,J E C K O,14,✔️ 2/2,6. AryaPutra#22,3,100,#2Q8GLU8JC,AryaPutra#22,15,❌ 1/2,15. IKY,1,88
#2G8PU0GLJ,#2G8PU0GLJ-20251018-GKAPAK,18/10/2025,win,G.KAPAK,#8YVQ9RGCJ,J E C K O,14,✔️ 2/2,7. Uchiha Niul,2,92,#2Q8GLU8JC,AryaPutra#22,15,❌ 1/2,—,—,—
#2G8PU0GLJ,#2G8PU0GLJ-20251018-GKAPAK,18/10/2025,win,G.KAPAK,#QJGCC8LVU,pethock,14,✔️ 2/2,5. Faisrezo,3,100,#2Q8GLU8JC,Uchiha Niul,14,✔️ 2/2,8. Fikihida@,3,100
#2G8PU0GLJ,#2G8PU0GLJ-20251018-GKAPAK,18/10/2025,win,G.KAPAK,#QJGCC8LVU,pethock,14,✔️ 2/2,4. NaraNiul,1,97,#2Q8GLU8JC,Uchiha Niul,14,✔️ 2/2,14. sarmila27,3,100
#2G8PU0GLJ,#2G8PU0GLJ-20251018-GKAPAK,18/10/2025,win,G.KAPAK,#L22PUGLU8,Fikihida@,15,❌ 0/2,—,—,—,#2Q8GLU8JC,Allom@,15,❌ 0/2,—,—,—
#2G8PU0GLJ,#2G8PU0GLJ-20251018-GKAPAK,18/10/2025,win,G.KAPAK,#LR0QY20GQ,Pemain Clash,14,✔️ 2/2,7. Uchiha Niul,3,100,#2Q8GLU8JC,Fahad jaya,14,✔️ 2/2,10. junet ayee,3,100
#2G8PU0GLJ,#2G8PU0GLJ-20251018-GKAPAK,18/10/2025,win,G.KAPAK,#LR0QY20GQ,Pemain Clash,14,✔️ 2/2,9. Fahad jaya,3,100,#2Q8GLU8JC,Fahad jaya,14,✔️ 2/2,5. Saya sappol,3,100
#2G8PU0GLJ,#2G8PU0GLJ-20251018-GKAPAK,18/10/2025,win,G.KAPAK,#LGLPRYCCC,junet ayee,14,✔️ 2/2,8. Allom@,3,100,#2Q8GLU8JC,RisTia,14,✔️ 2/2,10. junet ayee,1,77
#2G8PU0GLJ,#2G8PU0GLJ-20251018-GKAPAK,18/10/2025,win,G.KAPAK,#LGLPRYCCC,junet ayee,14,✔️ 2/2,9. Fahad jaya,2,89,#2Q8GLU8JC,RisTia,14,✔️ 2/2,9. Pemain Clash,3,100
#2G8PU0GLJ,#2G8PU0GLJ-20251018-GKAPAK,18/10/2025,win,G.KAPAK,#YVP8Y0UQU,MORE STATS 01,14,✔️ 2/2,10. RisTia,3,100,#2Q8GLU8JC,HatakeNiul,13,✔️ 2/2,11. MORE STATS 01,2,99
#2G8PU0GLJ,#2G8PU0GLJ-20251018-GKAPAK,18/10/2025,win,G.KAPAK,#YVP8Y0UQU,MORE STATS 01,14,✔️ 2/2,9. Fahad jaya,2,97,#2Q8GLU8JC,HatakeNiul,13,✔️ 2/2,12. A G U N G,3,100
#2G8PU0GLJ,#2G8PU0GLJ-20251018-GKAPAK,18/10/2025,win,G.KAPAK,#9Y9RG0RVU,A G U N G,13,✔️ 2/2,11. HatakeNiul,3,100,#2Q8GLU8JC,<®field ghost®>,13,❌ 0/2,—,—,—
#2G8PU0GLJ,#2G8PU0GLJ-20251018-GKAPAK,18/10/2025,win,G.KAPAK,#9Y9RG0RVU,A G U N G,13,✔️ 2/2,12. <®field ghost®>,3,100,#2Q8GLU8JC,<®field ghost®>,13,❌ 0/2,—,—,—
#2G8PU0GLJ,#2G8PU0GLJ-20251018-GKAPAK,18/10/2025,win,G.KAPAK,#9JUUGCGP0,EfendyZero,13,✔️ 2/2,16. Novi Embemz,3,100,#2Q8GLU8JC,denkesan,13,❌ 0/2,—,—,—
#2G8PU0GLJ,#2G8PU0GLJ-20251018-GKAPAK,18/10/2025,win,G.KAPAK,#9JUUGCGP0,EfendyZero,13,✔️ 2/2,4. NaraNiul,2,53,#2Q8GLU8JC,denkesan,13,❌ 0/2,—,—,—
#2G8PU0GLJ,#2G8PU0GLJ-20251018-GKAPAK,18/10/2025,win,G.KAPAK,#G9VPJGYUU,sarmila27,13,✔️ 2/2,15. putra@,3,100,#2Q8GLU8JC,Swlds,13,❌ 0/2,—,—,—
#2G8PU0GLJ,#2G8PU0GLJ-20251018-GKAPAK,18/10/2025,win,G.KAPAK,#G9VPJGYUU,sarmila27,13,✔️ 2/2,16. Novi Embemz,2,88,#2Q8GLU8JC,Swlds,13,❌ 0/2,—,—,—
#2G8PU0GLJ,#2G8PU0GLJ-20251018-GKAPAK,18/10/2025,win,G.KAPAK,#GG8R02YY9,IKY,13,✔️ 2/2,18. ALI,3,100,#2Q8GLU8JC,putra@,13,✔️ 2/2,20. IKY THXV,3,100
#2G8PU0GLJ,#2G8PU0GLJ-20251018-GKAPAK,18/10/2025,win,G.KAPAK,#GG8R02YY9,IKY,13,✔️ 2/2,"17. pak, Lurah",3,100,#2Q8GLU8JC,putra@,13,✔️ 2/2,18. zHEND,1,65
#2G8PU0GLJ,#2G8PU0GLJ-20251018-GKAPAK,18/10/2025,win,G.KAPAK,#GP9U8029L,Jo,13,✔️ 2/2,13. denkesan,3,100,#2Q8GLU8JC,Novi Embemz,13,✔️ 2/2,17. Chalcedony,3,100
#2G8PU0GLJ,#2G8PU0GLJ-20251018-GKAPAK,18/10/2025,win,G.KAPAK,#GP9U8029L,Jo,13,✔️ 2/2,14. Swlds,3,100,#2Q8GLU8JC,Novi Embemz,13,✔️ 2/2,19. IKY,3,100
#2G8PU0GLJ,#2G8PU0GLJ-20251018-GKAPAK,18/10/2025,win,G.KAPAK,#V8V80YVY,Chalcedony,13,✔️ 2/2,3. Hyuga Niul,1,44,#2Q8GLU8JC,"pak, Lurah",13,✔️ 2/2,18. zHEND,3,100
#2G8PU0GLJ,#2G8PU0GLJ-20251018-GKAPAK,18/10/2025,win,G.KAPAK,#V8V80YVY,Chalcedony,13,✔️ 2/2,1. al-kaffi,2,55,#2Q8GLU8JC,"pak, Lurah",13,✔️ 2/2,16. Jo,3,100
#2G8PU0GLJ,#2G8PU0GLJ-20251018-GKAPAK,18/10/2025,win,G.KAPAK,#GV0URJ99G,zHEND,13,❌ 1/2,16. Novi Embemz,2,68,#2Q8GLU8JC,ALI,13,❌ 1/2,15. IKY,1,70
#2G8PU0GLJ,#2G8PU0GLJ-20251018-GKAPAK,18/10/2025,win,G.KAPAK,#GQ9U90QVL,IKY,12,✔️ 2/2,20. GANI,3,100,#2Q8GLU8JC,jil pongajouw,12,❌ 0/2,—,—,—
#2G8PU0GLJ,#2G8PU0GLJ-20251018-GKAPAK,18/10/2025,win,G.KAPAK,#GQ9U90QVL,IKY,12,✔️ 2/2,19. jil pongajouw,3,100,#2Q8GLU8JC,jil pongajouw,12,❌ 0/2,—,—,—
#2G8PU0GLJ,#2G8PU0GLJ-20251018-GKAPAK,18/10/2025,win,G.KAPAK,#GU892C02J,IKY THXV,12,❌ 0/2,—,—,—,#2Q8GLU8JC,GANI,12,❌ 0/2,—,—,—
⚔️ GBK SQUAD (#2GQ9R8Y2R) vs QASAQTAR (#2R0VQRPGU),#2GQ9R8Y2R-20251019-QASAQTAR,,,,,,,,,,,,,,,,,
#2GQ9R8Y2R,#2GQ9R8Y2R-20251019-QASAQTAR,19/10/2025,tie,QASAQTAR,#GLG092G9Q,Supercell,12,✔️ 2/2,3. ALFA ⚠️,3,100,#2R0VQRPGU,Aiteke bi,12,✔️ 2/2,1. Supercell,3,100
#2GQ9R8Y2R,#2GQ9R8Y2R-20251019-QASAQTAR,19/10/2025,tie,QASAQTAR,#GLG092G9Q,Supercell,12,✔️ 2/2,4. HAKER,3,100,#2R0VQRPGU,Aiteke bi,12,✔️ 2/2,2. cu$$,3,100
#2GQ9R8Y2R,#2GQ9R8Y2R-20251019-QASAQTAR,19/10/2025,tie,QASAQTAR,#QRC0VJJGY,cu$$,12,✔️ 2/2,5. tx2ALFA ⚠️,3,100,#2R0VQRPGU,◤①Alik_kz⑦◢,12,✔️ 2/2,2. cu$$,1,80
#2GQ9R8Y2R,#2GQ9R8Y2R-20251019-QASAQTAR,19/10/2025,tie,QASAQTAR,#QRC0VJJGY,cu$$,12,✔️ 2/2,8. ★РАКЕТА★,3,100,#2R0VQRPGU,◤①Alik_kz⑦◢,12,✔️ 2/2,20. NoClass,3,100
#2GQ9R8Y2R,#2GQ9R8Y2R-20251019-QASAQTAR,19/10/2025,tie,QASAQTAR,#LLYLYV2QQ,fendy,11,✔️ 2/2,3. ALFA ⚠️,2,60,#2R0VQRPGU,ALFA ⚠️,11,✔️ 2/2,3. fendy,3,100
#2GQ9R8Y2R,#2GQ9R8Y2R-20251019-QASAQTAR,19/10/2025,tie,QASAQTAR,#LLYLYV2QQ,fendy,11,✔️ 2/2,4. HAKER,3,100,#2R0VQRPGU,ALFA ⚠️,11,✔️ 2/2,5. Tradosik,3,100
#2GQ9R8Y2R,#2GQ9R8Y2R-20251019-QASAQTAR,19/10/2025,tie,QASAQTAR,#G2PQVJVVP,Snacky,11,✔️ 2/2,1. Aiteke bi,3,100,#2R0VQRPGU,HAKER,11,✔️ 2/2,3. fendy,1,72
#2GQ9R8Y2R,#2GQ9R8Y2R-20251019-QASAQTAR,19/10/2025,tie,QASAQTAR,#G2PQVJVVP,Snacky,11,✔️ 2/2,2. ◤①Alik_kz⑦◢,3,100,#2R0VQRPGU,HAKER,11,✔️ 2/2,4. Snacky,3,100
#2GQ9R8Y2R,#2GQ9R8Y2R-20251019-QASAQTAR,19/10/2025,tie,QASAQTAR,#G98R2GPY0,Tradosik,11,✔️ 2/2,13. Kazybek bi,1,92,#2R0VQRPGU,tx2ALFA ⚠️,11,✔️ 2/2,6. ANJAYYY,3,100
#2GQ9R8Y2R,#2GQ9R8Y2R-20251019-QASAQTAR,19/10/2025,tie,QASAQTAR,#G98R2GPY0,Tradosik,11,✔️ 2/2,7. Maks_077kz,3,100,#2R0VQRPGU,tx2ALFA ⚠️,11,✔️ 2/2,14. Mam,3,100
#2GQ9R8Y2R,#2GQ9R8Y2R-20251019-QASAQTAR,19/10/2025,tie,QASAQTAR,#GLVUGPQJ2,ANJAYYY,11,✔️ 2/2,6. ZHAN_,3,100,#2R0VQRPGU,ZHAN_,11,✔️ 2/2,15. COVID-91,3,100
#2GQ9R8Y2R,#2GQ9R8Y2R-20251019-QASAQTAR,19/10/2025,tie,QASAQTAR,#GLVUGPQJ2,ANJAYYY,11,✔️ 2/2,7. Maks_077kz,3,100,#2R0VQRPGU,ZHAN_,11,✔️ 2/2,17. rejot _cook,3,100
#2GQ9R8Y2R,#2GQ9R8Y2R-20251019-QASAQTAR,19/10/2025,tie,QASAQTAR,#GRYVU89CP,Pan,11,❌ 0/2,—,—,—,#2R0VQRPGU,Maks_077kz,11,✔️ 2/2,7. Pan,3,100
#2GQ9R8Y2R,#2GQ9R8Y2R-20251019-QASAQTAR,19/10/2025,tie,QASAQTAR,#GRYVU89CP,Pan,11,❌ 0/2,—,—,—,#2R0VQRPGU,Maks_077kz,11,✔️ 2/2,8. IKY,3,100
#2GQ9R8Y2R,#2GQ9R8Y2R-20251019-QASAQTAR,19/10/2025,tie,QASAQTAR,#GU2U9LQJC,IKY,11,✔️ 2/2,5. tx2ALFA ⚠️,1,75,#2R0VQRPGU,★РАКЕТА★,10,✔️ 2/2,8. IKY,2,92
#2GQ9R8Y2R,#2GQ9R8Y2R-20251019-QASAQTAR,19/10/2025,tie,QASAQTAR,#GU2U9LQJC,IKY,11,✔️ 2/2,13. Kazybek bi,3,100,#2R0VQRPGU,★РАКЕТА★,10,✔️ 2/2,15. COVID-91,2,90
#2GQ9R8Y2R,#2GQ9R8Y2R-20251019-QASAQTAR,19/10/2025,tie,QASAQTAR,#GV82P2JV8,IKY,10,✔️ 2/2,9. Olzhas 444,3,100,#2R0VQRPGU,Olzhas 444,10,❌ 0/2,—,—,—
#2GQ9R8Y2R,#2GQ9R8Y2R-20251019-QASAQTAR,19/10/2025,tie,QASAQTAR,#GV82P2JV8,IKY,10,✔️ 2/2,10. Tole bi,3,100,#2R0VQRPGU,Olzhas 444,10,❌ 0/2,—,—,—
#2GQ9R8Y2R,#2GQ9R8Y2R-20251019-QASAQTAR,19/10/2025,tie,QASAQTAR,#9QUL2G0J0,NOTORIUS,10,❌ 0/2,—,—,—,#2R0VQRPGU,Tole bi,10,✔️ 2/2,10. NOTORIUS,3,100
#2GQ9R8Y2R,#2GQ9R8Y2R-20251019-QASAQTAR,19/10/2025,tie,QASAQTAR,#9QUL2G0J0,NOTORIUS,10,❌ 0/2,—,—,—,#2R0VQRPGU,Tole bi,10,✔️ 2/2,12. tikus,3,100
#2GQ9R8Y2R,#2GQ9R8Y2R-20251019-QASAQTAR,19/10/2025,tie,QASAQTAR,#GRGY9GPLP,⚓C.W⚓Einstein,10,✔️ 2/2,5. tx2ALFA ⚠️,2,71,#2R0VQRPGU,13_Qara Bala_13,10,✔️ 2/2,11. ⚓C.W⚓Einstein,3,100
#2GQ9R8Y2R,#2GQ9R8Y2R-20251019-QASAQTAR,19/10/2025,tie,QASAQTAR,#GRGY9GPLP,⚓C.W⚓Einstein,10,✔️ 2/2,11. 13_Qara Bala_13,1,56,#2R0VQRPGU,13_Qara Bala_13,10,✔️ 2/2,16. Kiottt,3,100
#2GQ9R8Y2R,#2GQ9R8Y2R-20251019-QASAQTAR,19/10/2025,tie,QASAQTAR,#G2Q092P2Q,tikus,10,✔️ 2/2,12. timtop,3,100,#2R0VQRPGU,timtop,10,✔️ 2/2,12. tikus,2,82
#2GQ9R8Y2R,#2GQ9R8Y2R-20251019-QASAQTAR,19/10/2025,tie,QASAQTAR,#G2Q092P2Q,tikus,10,✔️ 2/2,8. ★РАКЕТА★,2,81,#2R0VQRPGU,timtop,10,✔️ 2/2,19. zheaa,3,100
#2GQ9R8Y2R,#2GQ9R8Y2R-20251019-QASAQTAR,19/10/2025,tie,QASAQTAR,#GRL8VLYC0,Inspire,10,✔️ 2/2,13. Kazybek bi,2,82,#2R0VQRPGU,Kazybek bi,10,✔️ 2/2,13. Inspire,3,100
#2GQ9R8Y2R,#2GQ9R8Y2R-20251019-QASAQTAR,19/10/2025,tie,QASAQTAR,#GRL8VLYC0,Inspire,10,✔️ 2/2,14. pu.lvl,3,100,#2R0VQRPGU,Kazybek bi,10,✔️ 2/2,9. IKY,3,100
#2GQ9R8Y2R,#2GQ9R8Y2R-20251019-QASAQTAR,19/10/2025,tie,QASAQTAR,#GL8U02PPP,Mam,10,✔️ 2/2,11. 13_Qara Bala_13,1,85,#2R0VQRPGU,pu.lvl,10,✔️ 2/2,20. NoClass,3,100
#2GQ9R8Y2R,#2GQ9R8Y2R-20251019-QASAQTAR,19/10/2025,tie,QASAQTAR,#GL8U02PPP,Mam,10,✔️ 2/2,17. Khan.,3,100,#2R0VQRPGU,pu.lvl,10,✔️ 2/2,19. zheaa,3,100
#2GQ9R8Y2R,#2GQ9R8Y2R-20251019-QASAQTAR,19/10/2025,tie,QASAQTAR,#LUU8888L8,COVID-91,10,✔️ 2/2,13. Kazybek bi,1,67,#2R0VQRPGU,daN9,9,❌ 1/2,17. rejot _cook,1,64
#2GQ9R8Y2R,#2GQ9R8Y2R-20251019-QASAQTAR,19/10/2025,tie,QASAQTAR,#LUU8888L8,COVID-91,10,✔️ 2/2,8. ★РАКЕТА★,1,52,#2R0VQRPGU,daN9,9,❌ 1/2,—,—,—
#2GQ9R8Y2R,#2GQ9R8Y2R-20251019-QASAQTAR,19/10/2025,tie,QASAQTAR,#PR88Q8C8R,Kiottt,10,❌ 0/2,—,—,—,#2R0VQRPGU,Monke bi,9,✔️ 2/2,18. IKY,3,100
#2GQ9R8Y2R,#2GQ9R8Y2R-20251019-QASAQTAR,19/10/2025,tie,QASAQTAR,#PR88Q8C8R,Kiottt,10,❌ 0/2,—,—,—,#2R0VQRPGU,Monke bi,9,✔️ 2/2,20. NoClass,3,100
#2GQ9R8Y2R,#2GQ9R8Y2R-20251019-QASAQTAR,19/10/2025,tie,QASAQTAR,#GUU8900L2,rejot _cook,10,❌ 0/2,—,—,—,#2R0VQRPGU,Khan.,9,❌ 0/2,—,—,—
#2GQ9R8Y2R,#2GQ9R8Y2R-20251019-QASAQTAR,19/10/2025,tie,QASAQTAR,#GPUYUURLC,IKY,9,✔️ 2/2,18. patau,3,100,#2R0VQRPGU,patau,9,❌ 0/2,—,—,—
#2GQ9R8Y2R,#2GQ9R8Y2R-20251019-QASAQTAR,19/10/2025,tie,QASAQTAR,#GPUYUURLC,IKY,9,✔️ 2/2,11. 13_Qara Bala_13,3,100,#2R0VQRPGU,patau,9,❌ 0/2,—,—,—
#2GQ9R8Y2R,#2GQ9R8Y2R-20251019-QASAQTAR,19/10/2025,tie,QASAQTAR,#GPP0RVC0R,zheaa,9,✔️ 2/2,15. daN9,3,100,#2R0VQRPGU,ASKAR.STAR,9,❌ 0/2,—,—,—
#2GQ9R8Y2R,#2GQ9R8Y2R-20251019-QASAQTAR,19/10/2025,tie,QASAQTAR,#GPP0RVC0R,zheaa,9,✔️ 2/2,16. Monke bi,3,100,#2R0VQRPGU,ASKAR.STAR,9,❌ 0/2,—,—,—
#2GQ9R8Y2R,#2GQ9R8Y2R-20251019-QASAQTAR,19/10/2025,tie,QASAQTAR,#LV9298Q0U,NoClass,9,✔️ 2/2,20. malysh_chapman,3,100,#2R0VQRPGU,malysh_chapman,9,✔️ 2/2,20. NoClass,2,77
#2GQ9R8Y2R,#2GQ9R8Y2R-20251019-QASAQTAR,19/10/2025,tie,QASAQTAR,#LV9298Q0U,NoClass,9,✔️ 2/2,19. ASKAR.STAR,3,100,#2R0VQRPGU,malysh_chapman,9,✔️ 2/2,19. zheaa,1,61
⚔️ GBK CREW (#2G8PU0GLJ) vs SURXON SILA 75 (#2QLVQ2UYL),#2G8PU0GLJ-20251020-SURXONSILA75,,,,,,,,,,,,,,,,,
#2G8PU0GLJ,#2G8PU0GLJ-20251020-SURXONSILA75,20/10/2025,win,SURXON SILA 75,#Q8GQQYRYR,IKY,16,✔️ 2/2,4. ⚡️BuTlKa⚡️,3,100,#2QLVQ2UYL,Imperator,16,✔️ 2/2,1. IKY,3,100
#2G8PU0GLJ,#2G8PU0GLJ-20251020-SURXONSILA75,20/10/2025,win,SURXON SILA 75,#Q8GQQYRYR,IKY,16,✔️ 2/2,3. blessed,3,100,#2QLVQ2UYL,Imperator,16,✔️ 2/2,2. RONEY,3,100
#2G8PU0GLJ,#2G8PU0GLJ-20251020-SURXONSILA75,20/10/2025,win,SURXON SILA 75,#8QQJL0V0Q,RONEY,16,✔️ 2/2,1. Imperator,3,100,#2QLVQ2UYL,Xusni911,15,✔️ 2/2,3. MORE STATS,2,83
#2G8PU0GLJ,#2G8PU0GLJ-20251020-SURXONSILA75,20/10/2025,win,SURXON SILA 75,#8QQJL0V0Q,RONEY,16,✔️ 2/2,2. Xusni911,3,100,#2QLVQ2UYL,Xusni911,15,✔️ 2/2,5. J E C K O,2,84
#2G8PU0GLJ,#2G8PU0GLJ-20251020-SURXONSILA75,20/10/2025,win,SURXON SILA 75,#YC98YLQPG,MORE STATS,15,✔️ 2/2,6. Базаров,1,99,#2QLVQ2UYL,blessed,15,✔️ 2/2,3. MORE STATS,1,87
#2G8PU0GLJ,#2G8PU0GLJ-20251020-SURXONSILA75,20/10/2025,win,SURXON SILA 75,#YC98YLQPG,MORE STATS,15,✔️ 2/2,3. blessed,2,81,#2QLVQ2UYL,blessed,15,✔️ 2/2,"4. BOSS ""BEDUD""",3,100
#2G8PU0GLJ,#2G8PU0GLJ-20251020-SURXONSILA75,20/10/2025,win,SURXON SILA 75,#99RJ9LLR8,"BOSS ""BEDUD""",15,❌ 0/2,—,—,—,#2QLVQ2UYL,⚡️BuTlKa⚡️,15,✔️ 2/2,"4. BOSS ""BEDUD""",2,72
#2G8PU0GLJ,#2G8PU0GLJ-20251020-SURXONSILA75,20/10/2025,win,SURXON SILA 75,#99RJ9LLR8,"BOSS ""BEDUD""",15,❌ 0/2,—,—,—,#2QLVQ2UYL,⚡️BuTlKa⚡️,15,✔️ 2/2,6. Raden Ujee,2,65
#2G8PU0GLJ,#2G8PU0GLJ-20251020-SURXONSILA75,20/10/2025,win,SURXON SILA 75,#8YVQ9RGCJ,J E C K O,14,✔️ 2/2,6. Базаров,3,100,#2QLVQ2UYL,FARRUXBEK,14,✔️ 2/2,11. EfendyZero,2,98
#2G8PU0GLJ,#2G8PU0GLJ-20251020-SURXONSILA75,20/10/2025,win,SURXON SILA 75,#8YVQ9RGCJ,J E C K O,14,✔️ 2/2,9. Нұржас,3,100,#2QLVQ2UYL,FARRUXBEK,14,✔️ 2/2,10. MORE STATS 01,3,100
#2G8PU0GLJ,#2G8PU0GLJ-20251020-SURXONSILA75,20/10/2025,win,SURXON SILA 75,#L0YJ0QJCU,Raden Ujee,14,❌ 0/2,—,—,—,#2QLVQ2UYL,Базаров,14,✔️ 2/2,7. Pemain Clash,3,100
#2G8PU0GLJ,#2G8PU0GLJ-20251020-SURXONSILA75,20/10/2025,win,SURXON SILA 75,#L0YJ0QJCU,Raden Ujee,14,❌ 0/2,—,—,—,#2QLVQ2UYL,Базаров,14,✔️ 2/2,6. Raden Ujee,3,100
#2G8PU0GLJ,#2G8PU0GLJ-20251020-SURXONSILA75,20/10/2025,win,SURXON SILA 75,#LR0QY20GQ,Pemain Clash,14,✔️ 2/2,7. cosmos,3,100,#2QLVQ2UYL,cosmos,14,❌ 0/2,—,—,—
#2G8PU0GLJ,#2G8PU0GLJ-20251020-SURXONSILA75,20/10/2025,win,SURXON SILA 75,#LR0QY20GQ,Pemain Clash,14,✔️ 2/2,5. FARRUXBEK,3,100,#2QLVQ2UYL,cosmos,14,❌ 0/2,—,—,—
#2G8PU0GLJ,#2G8PU0GLJ-20251020-SURXONSILA75,20/10/2025,win,SURXON SILA 75,#LGLPRYCCC,junet ayee,14,✔️ 2/2,8. диёрбек,2,91,#2QLVQ2UYL,диёрбек,14,✔️ 2/2,8. junet ayee,2,71
#2G8PU0GLJ,#2G8PU0GLJ-20251020-SURXONSILA75,20/10/2025,win,SURXON SILA 75,#LGLPRYCCC,junet ayee,14,✔️ 2/2,10. MrMaksim7,2,66,#2QLVQ2UYL,диёрбек,14,✔️ 2/2,14. IKY,3,100
#2G8PU0GLJ,#2G8PU0GLJ-20251020-SURXONSILA75,20/10/2025,win,SURXON SILA 75,#G0LP80CV0,Nurizah,14,✔️ 2/2,10. MrMaksim7,3,100,#2QLVQ2UYL,Нұржас,14,✔️ 2/2,9. Nurizah,3,100
#2G8PU0GLJ,#2G8PU0GLJ-20251020-SURXONSILA75,20/10/2025,win,SURXON SILA 75,#G0LP80CV0,Nurizah,14,✔️ 2/2,9. Нұржас,2,93,#2QLVQ2UYL,Нұржас,14,✔️ 2/2,8. junet ayee,3,100
#2G8PU0GLJ,#2G8PU0GLJ-20251020-SURXONSILA75,20/10/2025,win,SURXON SILA 75,#YVP8Y0UQU,MORE STATS 01,14,✔️ 2/2,11. macho21,2,83,#2QLVQ2UYL,MrMaksim7,14,✔️ 2/2,10. MORE STATS 01,2,69
#2G8PU0GLJ,#2G8PU0GLJ-20251020-SURXONSILA75,20/10/2025,win,SURXON SILA 75,#YVP8Y0UQU,MORE STATS 01,14,✔️ 2/2,9. Нұржас,2,97,#2QLVQ2UYL,MrMaksim7,14,✔️ 2/2,11. EfendyZero,2,62
#2G8PU0GLJ,#2G8PU0GLJ-20251020-SURXONSILA75,20/10/2025,win,SURXON SILA 75,#9JUUGCGP0,EfendyZero,13,✔️ 2/2,11. macho21,3,100,#2QLVQ2UYL,macho21,14,✔️ 2/2,11. EfendyZero,3,100
#2G8PU0GLJ,#2G8PU0GLJ-20251020-SURXONSILA75,20/10/2025,win,SURXON SILA 75,#9JUUGCGP0,EfendyZero,13,✔️ 2/2,8. диёрбек,3,100,#2QLVQ2UYL,macho21,14,✔️ 2/2,8. junet ayee,2,89
#2G8PU0GLJ,#2G8PU0GLJ-20251020-SURXONSILA75,20/10/2025,win,SURXON SILA 75,#QL8V29QU8,"""Hendra""",13,✔️ 2/2,13. Бек,2,83,#2QLVQ2UYL,ural,13,✔️ 2/2,15. Baiq mayza,3,100
#2G8PU0GLJ,#2G8PU0GLJ-20251020-SURXONSILA75,20/10/2025,win,SURXON SILA 75,#QL8V29QU8,"""Hendra""",13,✔️ 2/2,15. TURAN TURKISTAN,3,100,#2QLVQ2UYL,ural,13,✔️ 2/2,11. EfendyZero,2,68
#2G8PU0GLJ,#2G8PU0GLJ-20251020-SURXONSILA75,20/10/2025,win,SURXON SILA 75,#G9VPJGYUU,sarmila27,13,✔️ 2/2,13. Бек,3,100,#2QLVQ2UYL,Бек,13,✔️ 2/2,13. sarmila27,3,100
#2G8PU0GLJ,#2G8PU0GLJ-20251020-SURXONSILA75,20/10/2025,win,SURXON SILA 75,#G9VPJGYUU,sarmila27,13,✔️ 2/2,6. Базаров,2,58,#2QLVQ2UYL,Бек,13,✔️ 2/2,"12. ""Hendra""",3,100
#2G8PU0GLJ,#2G8PU0GLJ-20251020-SURXONSILA75,20/10/2025,win,SURXON SILA 75,#GG8R02YY9,IKY,13,✔️ 2/2,14. контр разветку,3,100,#2QLVQ2UYL,контр разветку,13,❌ 0/2,—,—,—
#2G8PU0GLJ,#2G8PU0GLJ-20251020-SURXONSILA75,20/10/2025,win,SURXON SILA 75,#GG8R02YY9,IKY,13,✔️ 2/2,12. ural,3,100,#2QLVQ2UYL,контр разветку,13,❌ 0/2,—,—,—
#2G8PU0GLJ,#2G8PU0GLJ-20251020-SURXONSILA75,20/10/2025,win,SURXON SILA 75,#GL2GQ9PPY,Baiq mayza,12,✔️ 2/2,9. Нұржас,1,43,#2QLVQ2UYL,TURAN TURKISTAN,13,❌ 1/2,14. IKY,1,78
#2G8PU0GLJ,#2G8PU0GLJ-20251020-SURXONSILA75,20/10/2025,win,SURXON SILA 75,#GL2GQ9PPY,Baiq mayza,12,✔️ 2/2,6. Базаров,1,48,#2QLVQ2UYL,TURAN TURKISTAN,13,❌ 1/2,—,—,—
⚔️ GBK CREW (#2G8PU0GLJ) vs PREDATOR ™ (#2QQCC2QC9),#2G8PU0GLJ-20251022-PREDATOR,,,,,,,,,,,,,,,,,
#2G8PU0GLJ,#2G8PU0GLJ-20251022-PREDATOR,22/10/2025,tie,PREDATOR ™,#Q8GQQYRYR,IKY,16,✔️ 2/2,1. manca2,2,92,#2QQCC2QC9,manca2,16,✔️ 2/2,1. IKY,3,100
#2G8PU0GLJ,#2G8PU0GLJ-20251022-PREDATOR,22/10/2025,tie,PREDATOR ™,#Q8GQQYRYR,IKY,16,✔️ 2/2,2. rahul gg,3,100,#2QQCC2QC9,manca2,16,✔️ 2/2,10. MORE STATS 01,3,100
#2G8PU0GLJ,#2G8PU0GLJ-20251022-PREDATOR,22/10/2025,tie,PREDATOR ™,#8QQJL0V0Q,RONEY,16,❌ 0/2,—,—,—,#2QQCC2QC9,rahul gg,16,✔️ 2/2,3. Ds Toro,3,100
#2G8PU0GLJ,#2G8PU0GLJ-20251022-PREDATOR,22/10/2025,tie,PREDATOR ™,#8QQJL0V0Q,RONEY,16,❌ 0/2,—,—,—,#2QQCC2QC9,rahul gg,16,✔️ 2/2,6. J E C K O,3,100
#2G8PU0GLJ,#2G8PU0GLJ-20251022-PREDATOR,22/10/2025,tie,PREDATOR ™,#2JG09QQVJ,Ds Toro,16,✔️ 2/2,1. manca2,3,100,#2QQCC2QC9,BEREz.Rio,17,✔️ 2/2,2. RONEY,3,100
#2G8PU0GLJ,#2G8PU0GLJ-20251022-PREDATOR,22/10/2025,tie,PREDATOR ™,#2JG09QQVJ,Ds Toro,16,✔️ 2/2,3. BEREz.Rio,3,100,#2QQCC2QC9,BEREz.Rio,17,✔️ 2/2,5. MORE STATS,3,100
#2G8PU0GLJ,#2G8PU0GLJ-20251022-PREDATOR,22/10/2025,tie,PREDATOR ™,#9VJ2UUCLJ,VOLATILE,16,✔️ 2/2,8. suwin28,3,100,#2QQCC2QC9,Bad Boy,15,❌ 1/2,4. VOLATILE,3,100
#2G8PU0GLJ,#2G8PU0GLJ-20251022-PREDATOR,22/10/2025,tie,PREDATOR ™,#9VJ2UUCLJ,VOLATILE,16,✔️ 2/2,4. Bad Boy,3,100,#2QQCC2QC9,Bad Boy,15,❌ 1/2,—,—,—
#2G8PU0GLJ,#2G8PU0GLJ-20251022-PREDATOR,22/10/2025,tie,PREDATOR ™,#YC98YLQPG,MORE STATS,15,✔️ 2/2,4. Bad Boy,2,87,#2QQCC2QC9,『ᵍⁱʳˡ』✿ ᴙεza,14,✔️ 2/2,11. Ds. Toro,3,100
#2G8PU0GLJ,#2G8PU0GLJ-20251022-PREDATOR,22/10/2025,tie,PREDATOR ™,#YC98YLQPG,MORE STATS,15,✔️ 2/2,8. suwin28,2,97,#2QQCC2QC9,『ᵍⁱʳˡ』✿ ᴙεza,14,✔️ 2/2,12. A G U N G,3,100
#2G8PU0GLJ,#2G8PU0GLJ-20251022-PREDATOR,22/10/2025,tie,PREDATOR ™,#8YVQ9RGCJ,J E C K O,14,✔️ 2/2,5. 『ᵍⁱʳˡ』✿ ᴙεza,3,100,#2QQCC2QC9,ano,15,✔️ 2/2,7. Pemain Clash,3,100
#2G8PU0GLJ,#2G8PU0GLJ-20251022-PREDATOR,22/10/2025,tie,PREDATOR ™,#8YVQ9RGCJ,J E C K O,14,✔️ 2/2,6. ano,3,100,#2QQCC2QC9,ano,15,✔️ 2/2,13. EfendyZero,3,100
#2G8PU0GLJ,#2G8PU0GLJ-20251022-PREDATOR,22/10/2025,tie,PREDATOR ™,#LR0QY20GQ,Pemain Clash,14,✔️ 2/2,9. M.Luthfilw,3,100,#2QQCC2QC9,DR,14,✔️ 2/2,1. IKY,2,64
#2G8PU0GLJ,#2G8PU0GLJ-20251022-PREDATOR,22/10/2025,tie,PREDATOR ™,#LR0QY20GQ,Pemain Clash,14,✔️ 2/2,7. DR,3,100,#2QQCC2QC9,DR,14,✔️ 2/2,2. RONEY,2,59
#2G8PU0GLJ,#2G8PU0GLJ-20251022-PREDATOR,22/10/2025,tie,PREDATOR ™,#LGLPRYCCC,junet ayee,14,✔️ 2/2,8. suwin28,2,86,#2QQCC2QC9,suwin28,14,✔️ 2/2,"14. ""Hendra""",3,100
#2G8PU0GLJ,#2G8PU0GLJ-20251022-PREDATOR,22/10/2025,tie,PREDATOR ™,#LGLPRYCCC,junet ayee,14,✔️ 2/2,7. DR,2,96,#2QQCC2QC9,suwin28,14,✔️ 2/2,15. IKY,3,100
#2G8PU0GLJ,#2G8PU0GLJ-20251022-PREDATOR,22/10/2025,tie,PREDATOR ™,#G0LP80CV0,Nurizah,14,✔️ 2/2,12. ghost of heaven,3,100,#2QQCC2QC9,M.Luthfilw,14,✔️ 2/2,9. Nurizah,3,100
#2G8PU0GLJ,#2G8PU0GLJ-20251022-PREDATOR,22/10/2025,tie,PREDATOR ™,#G0LP80CV0,Nurizah,14,✔️ 2/2,10. BABALUK,3,100,#2QQCC2QC9,M.Luthfilw,14,✔️ 2/2,8. junet ayee,3,100
#2G8PU0GLJ,#2G8PU0GLJ-20251022-PREDATOR,22/10/2025,tie,PREDATOR ™,#YVP8Y0UQU,MORE STATS 01,14,✔️ 2/2,8. suwin28,2,74,#2QQCC2QC9,BABALUK,14,❌ 0/2,—,—,—
#2G8PU0GLJ,#2G8PU0GLJ-20251022-PREDATOR,22/10/2025,tie,PREDATOR ™,#YVP8Y0UQU,MORE STATS 01,14,✔️ 2/2,3. BEREz.Rio,2,54,#2QQCC2QC9,BABALUK,14,❌ 0/2,—,—,—
#2G8PU0GLJ,#2G8PU0GLJ-20251022-PREDATOR,22/10/2025,tie,PREDATOR ™,#8J0Q98VRU,Ds. Toro,14,❌ 0/2,—,—,—,#2QQCC2QC9,cull,14,❌ 0/2,—,—,—
#2G8PU0GLJ,#2G8PU0GLJ-20251022-PREDATOR,22/10/2025,tie,PREDATOR ™,#9Y9RG0RVU,A G U N G,13,✔️ 2/2,12. ghost of heaven,2,90,#2QQCC2QC9,ghost of heaven,14,✔️ 2/2,16. sarmila27,3,100
#2G8PU0GLJ,#2G8PU0GLJ-20251022-PREDATOR,22/10/2025,tie,PREDATOR ™,#9Y9RG0RVU,A G U N G,13,✔️ 2/2,11. cull,3,100,#2QQCC2QC9,ghost of heaven,14,✔️ 2/2,17. Jo,3,100
#2G8PU0GLJ,#2G8PU0GLJ-20251022-PREDATOR,22/10/2025,tie,PREDATOR ™,#9JUUGCGP0,EfendyZero,13,✔️ 2/2,10. BABALUK,2,77,#2QQCC2QC9,Dhani,16,❌ 1/2,18. zHEND,3,100
#2G8PU0GLJ,#2G8PU0GLJ-20251022-PREDATOR,22/10/2025,tie,PREDATOR ™,#9JUUGCGP0,EfendyZero,13,✔️ 2/2,12. ghost of heaven,2,82,#2QQCC2QC9,Dhani,16,❌ 1/2,—,—,—
#2G8PU0GLJ,#2G8PU0GLJ-20251022-PREDATOR,22/10/2025,tie,PREDATOR ™,#QL8V29QU8,"""Hendra""",13,✔️ 2/2,14. ndip,3,100,#2QQCC2QC9,ndip,13,✔️ 2/2,13. EfendyZero,1,87
#2G8PU0GLJ,#2G8PU0GLJ-20251022-PREDATOR,22/10/2025,tie,PREDATOR ™,#QL8V29QU8,"""Hendra""",13,✔️ 2/2,8. suwin28,2,91,#2QQCC2QC9,ndip,13,✔️ 2/2,15. IKY,2,82
#2G8PU0GLJ,#2G8PU0GLJ-20251022-PREDATOR,22/10/2025,tie,PREDATOR ™,#GG8R02YY9,IKY,13,✔️ 2/2,15. Oyok,3,100,#2QQCC2QC9,Oyok,13,✔️ 2/2,1. IKY,1,48
#2G8PU0GLJ,#2G8PU0GLJ-20251022-PREDATOR,22/10/2025,tie,PREDATOR ™,#GG8R02YY9,IKY,13,✔️ 2/2,13. Dhani,3,100,#2QQCC2QC9,Oyok,13,✔️ 2/2,2. RONEY,2,50
#2G8PU0GLJ,#2G8PU0GLJ-20251022-PREDATOR,22/10/2025,tie,PREDATOR ™,#G9VPJGYUU,sarmila27,13,✔️ 2/2,16. UP 2 YOU,3,100,#2QQCC2QC9,UP 2 YOU,13,❌ 0/2,—,—,—
#2G8PU0GLJ,#2G8PU0GLJ-20251022-PREDATOR,22/10/2025,tie,PREDATOR ™,#G9VPJGYUU,sarmila27,13,✔️ 2/2,12. ghost of heaven,1,87,#2QQCC2QC9,UP 2 YOU,13,❌ 0/2,—,—,—
#2G8PU0GLJ,#2G8PU0GLJ-20251022-PREDATOR,22/10/2025,tie,PREDATOR ™,#GP9U8029L,Jo,13,✔️ 2/2,17. kukuruyuk,3,100,#2QQCC2QC9,kukuruyuk,13,❌ 0/2,—,—,—
#2G8PU0GLJ,#2G8PU0GLJ-20251022-PREDATOR,22/10/2025,tie,PREDATOR ™,#GP9U8029L,Jo,13,✔️ 2/2,20. R0m4,3,100,#2QQCC2QC9,kukuruyuk,13,❌ 0/2,—,—,—
#2G8PU0GLJ,#2G8PU0GLJ-20251022-PREDATOR,22/10/2025,tie,PREDATOR ™,#GV0URJ99G,zHEND,13,✔️ 2/2,10. BABALUK,1,53,#2QQCC2QC9,hengky,12,❌ 0/2,—,—,—
#2G8PU0GLJ,#2G8PU0GLJ-20251022-PREDATOR,22/10/2025,tie,PREDATOR ™,#GV0URJ99G,zHEND,13,✔️ 2/2,3. BEREz.Rio,0,36,#2QQCC2QC9,hengky,12,❌ 0/2,—,—,—
#2G8PU0GLJ,#2G8PU0GLJ-20251022-PREDATOR,22/10/2025,tie,PREDATOR ™,#GL2GQ9PPY,Baiq mayza,12,✔️ 2/2,8. suwin28,1,68,#2QQCC2QC9,renom,13,✔️ 2/2,20. IKY,3,100
#2G8PU0GLJ,#2G8PU0GLJ-20251022-PREDATOR,22/10/2025,tie,PREDATOR ™,#GL2GQ9PPY,Baiq mayza,12,✔️ 2/2,4. Bad Boy,0,34,#2QQCC2QC9,renom,13,✔️ 2/2,19. Baiq mayza,3,100
#2G8PU0GLJ,#2G8PU0GLJ-20251022-PREDATOR,22/10/2025,tie,PREDATOR ™,#GQ9U90QVL,IKY,12,✔️ 2/2,18. hengky,3,100,#2QQCC2QC9,R0m4,11,✔️ 2/2,20. IKY,2,79
#2G8PU0GLJ,#2G8PU0GLJ-20251022-PREDATOR,22/10/2025,tie,PREDATOR ™,#GQ9U90QVL,IKY,12,✔️ 2/2,19. renom,3,100,#2QQCC2QC9,R0m4,11,✔️ 2/2,19. Baiq mayza,0,49
⚔️ GBK SQUAD (#2GQ9R8Y2R) vs ندارد (#2RUUV9CUJ),#2GQ9R8Y2R-20251023-,,,,,,,,,,,,,,,,,
#2GQ9R8Y2R,#2GQ9R8Y2R-20251023-,23/10/2025,lose,ندارد,#GLG092G9Q,Supercell,12,✔️ 2/2,1. امیر,3,100,#2RUUV9CUJ,امیر,12,✔️ 2/2,5. Tradosik,3,100
#2GQ9R8Y2R,#2GQ9R8Y2R-20251023-,23/10/2025,lose,ندارد,#GLG092G9Q,Supercell,12,✔️ 2/2,2. ali,3,100,#2RUUV9CUJ,امیر,12,✔️ 2/2,6. ANJAYYY,3,100
#2GQ9R8Y2R,#2GQ9R8Y2R-20251023-,23/10/2025,lose,ندارد,#QRC0VJJGY,cu$$,12,✔️ 2/2,3. SALAR,1,53,#2RUUV9CUJ,ali,12,✔️ 2/2,3. fendy,3,100
#2GQ9R8Y2R,#2GQ9R8Y2R-20251023-,23/10/2025,lose,ندارد,#QRC0VJJGY,cu$$,12,✔️ 2/2,4. gang afg,2,54,#2RUUV9CUJ,ali,12,✔️ 2/2,4. Snacky,3,100
#2GQ9R8Y2R,#2GQ9R8Y2R-20251023-,23/10/2025,lose,ندارد,#LLYLYV2QQ,fendy,12,✔️ 2/2,3. SALAR,3,100,#2RUUV9CUJ,SALAR,12,✔️ 2/2,1. Supercell,3,100
#2GQ9R8Y2R,#2GQ9R8Y2R-20251023-,23/10/2025,lose,ندارد,#LLYLYV2QQ,fendy,12,✔️ 2/2,2. ali,2,80,#2RUUV9CUJ,SALAR,12,✔️ 2/2,2. cu$$,3,100
#2GQ9R8Y2R,#2GQ9R8Y2R-20251023-,23/10/2025,lose,ندارد,#G2PQVJVVP,Snacky,11,✔️ 2/2,1. امیر,2,65,#2RUUV9CUJ,gang afg,12,❌ 0/2,—,—,—
#2GQ9R8Y2R,#2GQ9R8Y2R-20251023-,23/10/2025,lose,ندارد,#G2PQVJVVP,Snacky,11,✔️ 2/2,2. ali,1,80,#2RUUV9CUJ,gang afg,12,❌ 0/2,—,—,—
#2GQ9R8Y2R,#2GQ9R8Y2R-20251023-,23/10/2025,lose,ندارد,#G98R2GPY0,Tradosik,11,❌ 0/2,—,—,—,#2RUUV9CUJ,fariborz,11,✔️ 2/2,10. Inspire,3,100
#2GQ9R8Y2R,#2GQ9R8Y2R-20251023-,23/10/2025,lose,ندارد,#G98R2GPY0,Tradosik,11,❌ 0/2,—,—,—,#2RUUV9CUJ,fariborz,11,✔️ 2/2,13. Kaizoo,3,100
#2GQ9R8Y2R,#2GQ9R8Y2R-20251023-,23/10/2025,lose,ندارد,#GLVUGPQJ2,ANJAYYY,11,✔️ 2/2,6. Habib@King,3,100,#2RUUV9CUJ,Habib@King,11,✔️ 2/2,13. Kaizoo,1,84
#2GQ9R8Y2R,#2GQ9R8Y2R-20251023-,23/10/2025,lose,ندارد,#GLVUGPQJ2,ANJAYYY,11,✔️ 2/2,5. fariborz,3,100,#2RUUV9CUJ,Habib@King,11,✔️ 2/2,12. £RAFKY™®,2,93
#2GQ9R8Y2R,#2GQ9R8Y2R-20251023-,23/10/2025,lose,ندارد,#GU2U9LQJC,IKY,11,✔️ 2/2,7. ッḂAƗṀAñ,3,100,#2RUUV9CUJ,ッḂAƗṀAñ,11,✔️ 2/2,7. IKY,3,100
#2GQ9R8Y2R,#2GQ9R8Y2R-20251023-,23/10/2025,lose,ندارد,#GU2U9LQJC,IKY,11,✔️ 2/2,4. gang afg,3,100,#2RUUV9CUJ,ッḂAƗṀAñ,11,✔️ 2/2,8. IKY,3,100
#2GQ9R8Y2R,#2GQ9R8Y2R-20251023-,23/10/2025,lose,ندارد,#GV82P2JV8,IKY,10,✔️ 2/2,8. صدف,3,100,#2RUUV9CUJ,صدف,10,❌ 0/2,—,—,—
#2GQ9R8Y2R,#2GQ9R8Y2R-20251023-,23/10/2025,lose,ندارد,#GV82P2JV8,IKY,10,✔️ 2/2,9. hamed,3,100,#2RUUV9CUJ,صدف,10,❌ 0/2,—,—,—
#2GQ9R8Y2R,#2GQ9R8Y2R-20251023-,23/10/2025,lose,ندارد,#G2Q092P2Q,tikus,10,❌ 0/2,—,—,—,#2RUUV9CUJ,hamed,10,✔️ 2/2,9. tikus,3,100
#2GQ9R8Y2R,#2GQ9R8Y2R-20251023-,23/10/2025,lose,ندارد,#G2Q092P2Q,tikus,10,❌ 0/2,—,—,—,#2RUUV9CUJ,hamed,10,✔️ 2/2,11. satya,3,100
#2GQ9R8Y2R,#2GQ9R8Y2R-20251023-,23/10/2025,lose,ندارد,#GRL8VLYC0,Inspire,10,✔️ 2/2,10. سیب,3,100,#2RUUV9CUJ,سیب,10,✔️ 2/2,18. IKY,2,99
#2GQ9R8Y2R,#2GQ9R8Y2R-20251023-,23/10/2025,lose,ندارد,#GRL8VLYC0,Inspire,10,✔️ 2/2,11. persian_king,2,86,#2RUUV9CUJ,سیب,10,✔️ 2/2,15. Kiottt,1,81
#2GQ9R8Y2R,#2GQ9R8Y2R-20251023-,23/10/2025,lose,ندارد,#QUCY02GL8,satya,10,✔️ 2/2,11. persian_king,1,61,#2RUUV9CUJ,persian_king,10,❌ 0/2,—,—,—
#2GQ9R8Y2R,#2GQ9R8Y2R-20251023-,23/10/2025,lose,ندارد,#QUCY02GL8,satya,10,✔️ 2/2,13. tara,3,100,#2RUUV9CUJ,persian_king,10,❌ 0/2,—,—,—
#2GQ9R8Y2R,#2GQ9R8Y2R-20251023-,23/10/2025,lose,ندارد,#GRGUVYPJU,£RAFKY™®,11,❌ 0/2,—,—,—,#2RUUV9CUJ,ams13,11,✔️ 2/2,12. £RAFKY™®,3,100
#2GQ9R8Y2R,#2GQ9R8Y2R-20251023-,23/10/2025,lose,ندارد,#GRGUVYPJU,£RAFKY™®,11,❌ 0/2,—,—,—,#2RUUV9CUJ,ams13,11,✔️ 2/2,15. Kiottt,3,100
#2GQ9R8Y2R,#2GQ9R8Y2R-20251023-,23/10/2025,lose,ندارد,#GVU8L0GRR,Kaizoo,10,❌ 0/2,—,—,—,#2RUUV9CUJ,tara,10,✔️ 2/2,12. £RAFKY™®,1,60
#2GQ9R8Y2R,#2GQ9R8Y2R-20251023-,23/10/2025,lose,ندارد,#GVU8L0GRR,Kaizoo,10,❌ 0/2,—,—,—,#2RUUV9CUJ,tara,10,✔️ 2/2,15. Kiottt,1,79
#2GQ9R8Y2R,#2GQ9R8Y2R-20251023-,23/10/2025,lose,ندارد,#GL8U02PPP,Mam,10,✔️ 2/2,14. Mohi,3,100,#2RUUV9CUJ,Mohi,10,❌ 1/2,17. King,3,100
#2GQ9R8Y2R,#2GQ9R8Y2R-20251023-,23/10/2025,lose,ندارد,#GL8U02PPP,Mam,10,✔️ 2/2,10. سیب,1,61,#2RUUV9CUJ,Mohi,10,❌ 1/2,—,—,—
#2GQ9R8Y2R,#2GQ9R8Y2R-20251023-,23/10/2025,lose,ندارد,#PR88Q8C8R,Kiottt,10,✔️ 2/2,15. Hossein,2,86,#2RUUV9CUJ,Hossein,10,✔️ 2/2,14. Mam,3,100
#2GQ9R8Y2R,#2GQ9R8Y2R-20251023-,23/10/2025,lose,ندارد,#PR88Q8C8R,Kiottt,10,✔️ 2/2,14. Mohi,1,67,#2RUUV9CUJ,Hossein,10,✔️ 2/2,16. Pikoo,3,100
#2GQ9R8Y2R,#2GQ9R8Y2R-20251023-,23/10/2025,lose,ندارد,#GCL2RU028,Pikoo,10,✔️ 2/2,16. Ahoura,2,68,#2RUUV9CUJ,Ahoura,10,✔️ 2/2,15. Kiottt,2,85
#2GQ9R8Y2R,#2GQ9R8Y2R-20251023-,23/10/2025,lose,ندارد,#GCL2RU028,Pikoo,10,✔️ 2/2,11. persian_king,1,54,#2RUUV9CUJ,Ahoura,10,✔️ 2/2,18. IKY,3,100
#2GQ9R8Y2R,#2GQ9R8Y2R-20251023-,23/10/2025,lose,ندارد,#GCYQ8JQCC,King,10,✔️ 2/2,17. sina,3,100,#2RUUV9CUJ,sina,10,❌ 0/2,—,—,—
#2GQ9R8Y2R,#2GQ9R8Y2R-20251023-,23/10/2025,lose,ندارد,#GCYQ8JQCC,King,10,✔️ 2/2,18. مجیب‌برسلی,3,100,#2RUUV9CUJ,sina,10,❌ 0/2,—,—,—
#2GQ9R8Y2R,#2GQ9R8Y2R-20251023-,23/10/2025,lose,ندارد,#GPUYUURLC,IKY,9,✔️ 2/2,20. GOAT,3,100,#2RUUV9CUJ,مجیب‌برسلی,10,❌ 0/2,—,—,—
#2GQ9R8Y2R,#2GQ9R8Y2R-20251023-,23/10/2025,lose,ندارد,#GPUYUURLC,IKY,9,✔️ 2/2,19. Persian Gulf,3,100,#2RUUV9CUJ,مجیب‌برسلی,10,❌ 0/2,—,—,—
#2GQ9R8Y2R,#2GQ9R8Y2R-20251023-,23/10/2025,lose,ندارد,#GPP0RVC0R,zheaa,9,✔️ 2/2,15. Hossein,3,100,#2RUUV9CUJ,Persian Gulf,10,❌ 0/2,—,—,—
#2GQ9R8Y2R,#2GQ9R8Y2R-20251023-,23/10/2025,lose,ندارد,#GPP0RVC0R,zheaa,9,✔️ 2/2,16. Ahoura,3,100,#2RUUV9CUJ,Persian Gulf,10,❌ 0/2,—,—,—
#2GQ9R8Y2R,#2GQ9R8Y2R-20251023-,23/10/2025,lose,ندارد,#LV9298Q0U,NoClass,9,❌ 0/2,—,—,—,#2RUUV9CUJ,GOAT,9,✔️ 2/2,20. NoClass,3,100
#2GQ9R8Y2R,#2GQ9R8Y2R-20251023-,23/10/2025,lose,ندارد,#LV9298Q0U,NoClass,9,❌ 0/2,—,—,—,#2RUUV9CUJ,GOAT,9,✔️ 2/2,19. zheaa,3,100
⚔️ GBK CREW (#2G8PU0GLJ) vs AE THAINGUYEN (#CPV0V2Y9),#2G8PU0GLJ-20251024-AETHAINGUYEN,,,,,,,,,,,,,,,,,
#2G8PU0GLJ,#2G8PU0GLJ-20251024-AETHAINGUYEN,24/10/2025,win,AE THAINGUYEN,#Q8GQQYRYR,IKY,16,✔️ 2/2,1. Lạc Đầu Bếp,3,100,#CPV0V2Y9,Lạc Đầu Bếp,16,❌ 0/2,—,—,—
#2G8PU0GLJ,#2G8PU0GLJ-20251024-AETHAINGUYEN,24/10/2025,win,AE THAINGUYEN,#Q8GQQYRYR,IKY,16,✔️ 2/2,3. niteesh,3,100,#CPV0V2Y9,Lạc Đầu Bếp,16,❌ 0/2,—,—,—
#2G8PU0GLJ,#2G8PU0GLJ-20251024-AETHAINGUYEN,24/10/2025,win,AE THAINGUYEN,#2JG09QQVJ,Ds Toro,16,✔️ 2/2,2. toomdu0000,3,100,#CPV0V2Y9,toomdu0000,16,❌ 0/2,—,—,—
#2G8PU0GLJ,#2G8PU0GLJ-20251024-AETHAINGUYEN,24/10/2025,win,AE THAINGUYEN,#2JG09QQVJ,Ds Toro,16,✔️ 2/2,6. Lạc Đầu Bếp,3,100,#CPV0V2Y9,toomdu0000,16,❌ 0/2,—,—,—
#2G8PU0GLJ,#2G8PU0GLJ-20251024-AETHAINGUYEN,24/10/2025,win,AE THAINGUYEN,#9VJ2UUCLJ,VOLATILE,16,✔️ 2/2,1. Lạc Đầu Bếp,3,100,#CPV0V2Y9,niteesh,15,✔️ 2/2,6. J E C K O,2,98
#2G8PU0GLJ,#2G8PU0GLJ-20251024-AETHAINGUYEN,24/10/2025,win,AE THAINGUYEN,#9VJ2UUCLJ,VOLATILE,16,✔️ 2/2,2. toomdu0000,3,100,#CPV0V2Y9,niteesh,15,✔️ 2/2,7. Pemain Clash,3,100
#2G8PU0GLJ,#2G8PU0GLJ-20251024-AETHAINGUYEN,24/10/2025,win,AE THAINGUYEN,#G2PG0RRQJ,jogro,15,❌ 0/2,—,—,—,#CPV0V2Y9,nguyễnluu,16,❌ 0/2,—,—,—
#2G8PU0GLJ,#2G8PU0GLJ-20251024-AETHAINGUYEN,24/10/2025,win,AE THAINGUYEN,#Q2CL8JLUY,Saya sappol,15,❌ 0/2,—,—,—,#CPV0V2Y9,Lạc Trôi,16,❌ 1/2,5. Saya sappol,2,88
#2G8PU0GLJ,#2G8PU0GLJ-20251024-AETHAINGUYEN,24/10/2025,win,AE THAINGUYEN,#8YVQ9RGCJ,J E C K O,14,✔️ 2/2,7. Cao Mạnh,3,100,#CPV0V2Y9,Lạc Đầu Bếp,17,❌ 0/2,—,—,—
#2G8PU0GLJ,#2G8PU0GLJ-20251024-AETHAINGUYEN,24/10/2025,win,AE THAINGUYEN,#8YVQ9RGCJ,J E C K O,14,✔️ 2/2,8. mrlachall11,3,100,#CPV0V2Y9,Lạc Đầu Bếp,17,❌ 0/2,—,—,—
#2G8PU0GLJ,#2G8PU0GLJ-20251024-AETHAINGUYEN,24/10/2025,win,AE THAINGUYEN,#LR0QY20GQ,Pemain Clash,14,✔️ 2/2,5. Lạc Trôi,3,100,#CPV0V2Y9,Cao Mạnh,15,❌ 1/2,6. J E C K O,1,66
#2G8PU0GLJ,#2G8PU0GLJ-20251024-AETHAINGUYEN,24/10/2025,win,AE THAINGUYEN,#LR0QY20GQ,Pemain Clash,14,✔️ 2/2,4. nguyễnluu,1,82,#CPV0V2Y9,Cao Mạnh,15,❌ 1/2,—,—,—
#2G8PU0GLJ,#2G8PU0GLJ-20251024-AETHAINGUYEN,24/10/2025,win,AE THAINGUYEN,#LGLPRYCCC,junet ayee,14,✔️ 2/2,4. nguyễnluu,2,66,#CPV0V2Y9,mrlachall11,15,❌ 0/2,—,—,—
#2G8PU0GLJ,#2G8PU0GLJ-20251024-AETHAINGUYEN,24/10/2025,win,AE THAINGUYEN,#LGLPRYCCC,junet ayee,14,✔️ 2/2,8. mrlachall11,1,97,#CPV0V2Y9,mrlachall11,15,❌ 0/2,—,—,—
#2G8PU0GLJ,#2G8PU0GLJ-20251024-AETHAINGUYEN,24/10/2025,win,AE THAINGUYEN,#G0LP80CV0,Nurizah,14,✔️ 2/2,4. nguyễnluu,3,100,#CPV0V2Y9,ACE - VN,14,❌ 1/2,13. EfendyZero,2,99
#2G8PU0GLJ,#2G8PU0GLJ-20251024-AETHAINGUYEN,24/10/2025,win,AE THAINGUYEN,#G0LP80CV0,Nurizah,14,✔️ 2/2,1. Lạc Đầu Bếp,2,83,#CPV0V2Y9,ACE - VN,14,❌ 1/2,—,—,—
#2G8PU0GLJ,#2G8PU0GLJ-20251024-AETHAINGUYEN,24/10/2025,win,AE THAINGUYEN,#YVP8Y0UQU,MORE STATS 01,14,✔️ 2/2,20. Hề,3,100,#CPV0V2Y9,HoàngPro,15,❌ 1/2,12. Vilovi,3,100
#2G8PU0GLJ,#2G8PU0GLJ-20251024-AETHAINGUYEN,24/10/2025,win,AE THAINGUYEN,#YVP8Y0UQU,MORE STATS 01,14,✔️ 2/2,4. nguyễnluu,1,82,#CPV0V2Y9,HoàngPro,15,❌ 1/2,—,—,—
#2G8PU0GLJ,#2G8PU0GLJ-20251024-AETHAINGUYEN,24/10/2025,win,AE THAINGUYEN,#9Y9RG0RVU,A G U N G,14,✔️ 2/2,10. HoàngPro,3,100,#CPV0V2Y9,sabo,14,❌ 1/2,13. EfendyZero,1,87
#2G8PU0GLJ,#2G8PU0GLJ-20251024-AETHAINGUYEN,24/10/2025,win,AE THAINGUYEN,#9Y9RG0RVU,A G U N G,14,✔️ 2/2,11. sabo,3,100,#CPV0V2Y9,sabo,14,❌ 1/2,—,—,—
#2G8PU0GLJ,#2G8PU0GLJ-20251024-AETHAINGUYEN,24/10/2025,win,AE THAINGUYEN,#GQYQQ0PUP,Vilovi,14,✔️ 2/2,12. linh đánh thuê,3,100,#CPV0V2Y9,linh đánh thuê,14,❌ 0/2,—,—,—
#2G8PU0GLJ,#2G8PU0GLJ-20251024-AETHAINGUYEN,24/10/2025,win,AE THAINGUYEN,#GQYQQ0PUP,Vilovi,14,✔️ 2/2,4. nguyễnluu,2,82,#CPV0V2Y9,linh đánh thuê,14,❌ 0/2,—,—,—
#2G8PU0GLJ,#2G8PU0GLJ-20251024-AETHAINGUYEN,24/10/2025,win,AE THAINGUYEN,#9JUUGCGP0,EfendyZero,13,✔️ 2/2,19. alo,3,100,#CPV0V2Y9,Mr Lạc 1979,14,❌ 0/2,—,—,—
#2G8PU0GLJ,#2G8PU0GLJ-20251024-AETHAINGUYEN,24/10/2025,win,AE THAINGUYEN,#9JUUGCGP0,EfendyZero,13,✔️ 2/2,9. ACE - VN,3,100,#CPV0V2Y9,Mr Lạc 1979,14,❌ 0/2,—,—,—
#2G8PU0GLJ,#2G8PU0GLJ-20251024-AETHAINGUYEN,24/10/2025,win,AE THAINGUYEN,#QL8V29QU8,"""Hendra""",13,✔️ 2/2,16. sieuoccholac197,3,100,#CPV0V2Y9,Việt Nam Pro,14,❌ 1/2,13. EfendyZero,2,95
#2G8PU0GLJ,#2G8PU0GLJ-20251024-AETHAINGUYEN,24/10/2025,win,AE THAINGUYEN,#QL8V29QU8,"""Hendra""",13,✔️ 2/2,15. MrBin,3,100,#CPV0V2Y9,Việt Nam Pro,14,❌ 1/2,—,—,—
#2G8PU0GLJ,#2G8PU0GLJ-20251024-AETHAINGUYEN,24/10/2025,win,AE THAINGUYEN,#G9VPJGYUU,sarmila27,13,✔️ 2/2,15. MrBin,2,87,#CPV0V2Y9,MrBin,14,❌ 0/2,—,—,—
#2G8PU0GLJ,#2G8PU0GLJ-20251024-AETHAINGUYEN,24/10/2025,win,AE THAINGUYEN,#G9VPJGYUU,sarmila27,13,✔️ 2/2,14. Việt Nam Pro,2,82,#CPV0V2Y9,MrBin,14,❌ 0/2,—,—,—
#2G8PU0GLJ,#2G8PU0GLJ-20251024-AETHAINGUYEN,24/10/2025,win,AE THAINGUYEN,#GG8R02YY9,IKY,13,✔️ 2/2,4. nguyễnluu,2,64,#CPV0V2Y9,sieuoccholac197,14,❌ 0/2,—,—,—
#2G8PU0GLJ,#2G8PU0GLJ-20251024-AETHAINGUYEN,24/10/2025,win,AE THAINGUYEN,#GG8R02YY9,IKY,13,✔️ 2/2,5. Lạc Trôi,2,98,#CPV0V2Y9,sieuoccholac197,14,❌ 0/2,—,—,—
#2G8PU0GLJ,#2G8PU0GLJ-20251024-AETHAINGUYEN,24/10/2025,win,AE THAINGUYEN,#GP9U8029L,Jo,13,✔️ 2/2,17. mrlachal9,3,100,#CPV0V2Y9,mrlachal9,14,❌ 0/2,—,—,—
#2G8PU0GLJ,#2G8PU0GLJ-20251024-AETHAINGUYEN,24/10/2025,win,AE THAINGUYEN,#GP9U8029L,Jo,13,✔️ 2/2,18. ☆kenny☆Thắng☆,3,100,#CPV0V2Y9,mrlachal9,14,❌ 0/2,—,—,—
#2G8PU0GLJ,#2G8PU0GLJ-20251024-AETHAINGUYEN,24/10/2025,win,AE THAINGUYEN,#GV0URJ99G,zHEND,13,❌ 0/2,—,—,—,#CPV0V2Y9,☆kenny☆Thắng☆,13,❌ 1/2,19. Kuratakan Kau,3,100
#2G8PU0GLJ,#2G8PU0GLJ-20251024-AETHAINGUYEN,24/10/2025,win,AE THAINGUYEN,#QCUP0U9YV,Kuratakan Kau,14,✔️ 2/2,13. Mr Lạc 1979,3,100,#CPV0V2Y9,alo,13,❌ 0/2,—,—,—
#2G8PU0GLJ,#2G8PU0GLJ-20251024-AETHAINGUYEN,24/10/2025,win,AE THAINGUYEN,#QCUP0U9YV,Kuratakan Kau,14,✔️ 2/2,14. Việt Nam Pro,3,100,#CPV0V2Y9,alo,13,❌ 0/2,—,—,—
#2G8PU0GLJ,#2G8PU0GLJ-20251024-AETHAINGUYEN,24/10/2025,win,AE THAINGUYEN,#GL2GQ9PPY,Baiq mayza,12,✔️ 2/2,4. nguyễnluu,1,24,#CPV0V2Y9,Hề,12,❌ 0/2,—,—,—
#2G8PU0GLJ,#2G8PU0GLJ-20251024-AETHAINGUYEN,24/10/2025,win,AE THAINGUYEN,#GL2GQ9PPY,Baiq mayza,12,✔️ 2/2,20. Hề,1,52,#CPV0V2Y9,Hề,12,❌ 0/2,—,—,—
⚔️ GBK SQUAD (#2GQ9R8Y2R) vs BINTANG COC (#2JY2C2QYR),#2GQ9R8Y2R-20251025-BINTANGCOC,,,,,,,,,,,,,,,,,
#2GQ9R8Y2R,#2GQ9R8Y2R-20251025-BINTANGCOC,25/10/2025,tie,BINTANG COC,#GLG092G9Q,Supercell,12,❌ 1/2,10. Beta 121,3,100,#2JY2C2QYR,"Aussie,",15,✔️ 2/2,1. Supercell,3,100
#2GQ9R8Y2R,#2GQ9R8Y2R-20251025-BINTANGCOC,25/10/2025,tie,BINTANG COC,#GLG092G9Q,Supercell,12,❌ 1/2,—,—,—,#2JY2C2QYR,"Aussie,",15,✔️ 2/2,2. fendy,3,100
#2GQ9R8Y2R,#2GQ9R8Y2R-20251025-BINTANGCOC,25/10/2025,tie,BINTANG COC,#LLYLYV2QQ,fendy,12,❌ 0/2,—,—,—,#2JY2C2QYR,wa alam,12,✔️ 2/2,3. Snacky,1,58
#2GQ9R8Y2R,#2GQ9R8Y2R-20251025-BINTANGCOC,25/10/2025,tie,BINTANG COC,#LLYLYV2QQ,fendy,12,❌ 0/2,—,—,—,#2JY2C2QYR,wa alam,12,✔️ 2/2,4. Tradosik,3,100
#2GQ9R8Y2R,#2GQ9R8Y2R-20251025-BINTANGCOC,25/10/2025,tie,BINTANG COC,#G2PQVJVVP,Snacky,11,✔️ 2/2,2. wa alam,3,100,#2JY2C2QYR,abdelrahman,11,✔️ 2/2,5. ANJAYYY,2,89
#2GQ9R8Y2R,#2GQ9R8Y2R-20251025-BINTANGCOC,25/10/2025,tie,BINTANG COC,#G2PQVJVVP,Snacky,11,✔️ 2/2,"1. Aussie,",3,100,#2JY2C2QYR,abdelrahman,11,✔️ 2/2,7. IKY,3,100
#2GQ9R8Y2R,#2GQ9R8Y2R-20251025-BINTANGCOC,25/10/2025,tie,BINTANG COC,#G98R2GPY0,Tradosik,11,✔️ 2/2,7. tuwi,3,100,#2JY2C2QYR,culplixx,11,✔️ 2/2,6. IKY,3,100
#2GQ9R8Y2R,#2GQ9R8Y2R-20251025-BINTANGCOC,25/10/2025,tie,BINTANG COC,#G98R2GPY0,Tradosik,11,✔️ 2/2,6. Wiralodra,3,100,#2JY2C2QYR,culplixx,11,✔️ 2/2,3. Snacky,2,66
#2GQ9R8Y2R,#2GQ9R8Y2R-20251025-BINTANGCOC,25/10/2025,tie,BINTANG COC,#GLVUGPQJ2,ANJAYYY,11,✔️ 2/2,5. KAPARAT,3,100,#2JY2C2QYR,KAPARAT,11,✔️ 2/2,8. ((ADI)),3,100
#2GQ9R8Y2R,#2GQ9R8Y2R-20251025-BINTANGCOC,25/10/2025,tie,BINTANG COC,#GLVUGPQJ2,ANJAYYY,11,✔️ 2/2,3. abdelrahman,3,100,#2JY2C2QYR,KAPARAT,11,✔️ 2/2,9. satya,3,100
#2GQ9R8Y2R,#2GQ9R8Y2R-20251025-BINTANGCOC,25/10/2025,tie,BINTANG COC,#GU2U9LQJC,IKY,11,✔️ 2/2,4. culplixx,3,100,#2JY2C2QYR,Wiralodra,11,❌ 0/2,—,—,—
#2GQ9R8Y2R,#2GQ9R8Y2R-20251025-BINTANGCOC,25/10/2025,tie,BINTANG COC,#GU2U9LQJC,IKY,11,✔️ 2/2,8. j3m but,3,100,#2JY2C2QYR,Wiralodra,11,❌ 0/2,—,—,—
#2GQ9R8Y2R,#2GQ9R8Y2R-20251025-BINTANGCOC,25/10/2025,tie,BINTANG COC,#GV82P2JV8,IKY,10,✔️ 2/2,13. wa gea 2,3,100,#2JY2C2QYR,tuwi,11,✔️ 2/2,11. lindu aji,3,100
#2GQ9R8Y2R,#2GQ9R8Y2R-20251025-BINTANGCOC,25/10/2025,tie,BINTANG COC,#GV82P2JV8,IKY,10,✔️ 2/2,12. East Java,3,100,#2JY2C2QYR,tuwi,11,✔️ 2/2,13. Kiottt,3,100
#2GQ9R8Y2R,#2GQ9R8Y2R-20251025-BINTANGCOC,25/10/2025,tie,BINTANG COC,#U0YPJYUV,((ADI)),10,✔️ 2/2,10. Beta 121,1,93,#2JY2C2QYR,j3m but,10,❌ 0/2,—,—,—
#2GQ9R8Y2R,#2GQ9R8Y2R-20251025-BINTANGCOC,25/10/2025,tie,BINTANG COC,#U0YPJYUV,((ADI)),10,✔️ 2/2,9. Sachioo,3,100,#2JY2C2QYR,j3m but,10,❌ 0/2,—,—,—
#2GQ9R8Y2R,#2GQ9R8Y2R-20251025-BINTANGCOC,25/10/2025,tie,BINTANG COC,#QUCY02GL8,satya,10,❌ 0/2,—,—,—,#2JY2C2QYR,Sachioo,10,❌ 0/2,—,—,—
#2GQ9R8Y2R,#2GQ9R8Y2R-20251025-BINTANGCOC,25/10/2025,tie,BINTANG COC,#GRL8VLYC0,Inspire,10,❌ 1/2,11. Wa Gea,3,100,#2JY2C2QYR,Beta 121,10,✔️ 2/2,10. Inspire,3,100
#2GQ9R8Y2R,#2GQ9R8Y2R-20251025-BINTANGCOC,25/10/2025,tie,BINTANG COC,#GRL8VLYC0,Inspire,10,❌ 1/2,—,—,—,#2JY2C2QYR,Beta 121,10,✔️ 2/2,3. Snacky,1,73
#2GQ9R8Y2R,#2GQ9R8Y2R-20251025-BINTANGCOC,25/10/2025,tie,BINTANG COC,#YGLY8LCYL,lindu aji,10,✔️ 2/2,11. Wa Gea,1,87,#2JY2C2QYR,Wa Gea,10,✔️ 2/2,5. ANJAYYY,2,90
#2GQ9R8Y2R,#2GQ9R8Y2R-20251025-BINTANGCOC,25/10/2025,tie,BINTANG COC,#YGLY8LCYL,lindu aji,10,✔️ 2/2,10. Beta 121,1,73,#2JY2C2QYR,Wa Gea,10,✔️ 2/2,3. Snacky,1,90
#2GQ9R8Y2R,#2GQ9R8Y2R-20251025-BINTANGCOC,25/10/2025,tie,BINTANG COC,#GL8U02PPP,Mam,10,✔️ 2/2,9. Sachioo,2,78,#2JY2C2QYR,East Java,10,✔️ 2/2,12. Mam,3,100
#2GQ9R8Y2R,#2GQ9R8Y2R-20251025-BINTANGCOC,25/10/2025,tie,BINTANG COC,#GL8U02PPP,Mam,10,✔️ 2/2,10. Beta 121,1,77,#2JY2C2QYR,East Java,10,✔️ 2/2,10. Inspire,2,56
#2GQ9R8Y2R,#2GQ9R8Y2R-20251025-BINTANGCOC,25/10/2025,tie,BINTANG COC,#PR88Q8C8R,Kiottt,10,✔️ 2/2,11. Wa Gea,0,40,#2JY2C2QYR,wa gea 2,10,✔️ 2/2,5. ANJAYYY,3,100
#2GQ9R8Y2R,#2GQ9R8Y2R-20251025-BINTANGCOC,25/10/2025,tie,BINTANG COC,#PR88Q8C8R,Kiottt,10,✔️ 2/2,10. Beta 121,1,66,#2JY2C2QYR,wa gea 2,10,✔️ 2/2,3. Snacky,3,100
#2GQ9R8Y2R,#2GQ9R8Y2R-20251025-BINTANGCOC,25/10/2025,tie,BINTANG COC,#GPUYUURLC,IKY,9,✔️ 2/2,15. wa awan,3,100,#2JY2C2QYR,King of fire,10,❌ 0/2,—,—,—
#2GQ9R8Y2R,#2GQ9R8Y2R-20251025-BINTANGCOC,25/10/2025,tie,BINTANG COC,#GPUYUURLC,IKY,9,✔️ 2/2,14. King of fire,3,100,#2JY2C2QYR,King of fire,10,❌ 0/2,—,—,—
#2GQ9R8Y2R,#2GQ9R8Y2R-20251025-BINTANGCOC,25/10/2025,tie,BINTANG COC,#GPP0RVC0R,zheaa,9,✔️ 2/2,11. Wa Gea,2,64,#2JY2C2QYR,wa awan,10,✔️ 2/2,14. IKY,3,100
#2GQ9R8Y2R,#2GQ9R8Y2R-20251025-BINTANGCOC,25/10/2025,tie,BINTANG COC,#GPP0RVC0R,zheaa,9,✔️ 2/2,10. Beta 121,1,63,#2JY2C2QYR,wa awan,10,✔️ 2/2,15. zheaa,3,100
⚔️ GBK CREW (#2G8PU0GLJ) vs DEGUZMAN CLAN (#20L2JU2UU),#2G8PU0GLJ-20251026-DEGUZMANCLAN,,,,,,,,,,,,,,,,,
#2G8PU0GLJ,#2G8PU0GLJ-20251026-DEGUZMANCLAN,26/10/2025,tie,DEGUZMAN CLAN,#Q8GQQYRYR,IKY,16,✔️ 2/2,1. SKYREAPER,3,100,#20L2JU2UU,SKYREAPER,16,❌ 0/2,—,—,—
#2G8PU0GLJ,#2G8PU0GLJ-20251026-DEGUZMANCLAN,26/10/2025,tie,DEGUZMAN CLAN,#Q8GQQYRYR,IKY,16,✔️ 2/2,2. A.DEGUZMAN1980,2,82,#20L2JU2UU,SKYREAPER,16,❌ 0/2,—,—,—
#2G8PU0GLJ,#2G8PU0GLJ-20251026-DEGUZMANCLAN,26/10/2025,tie,DEGUZMAN CLAN,#2JG09QQVJ,Ds Toro,16,✔️ 2/2,4. GLADIATOR,3,100,#20L2JU2UU,A.DEGUZMAN1980,15,✔️ 2/2,3. J E C K O,3,100
#2G8PU0GLJ,#2G8PU0GLJ-20251026-DEGUZMANCLAN,26/10/2025,tie,DEGUZMAN CLAN,#2JG09QQVJ,Ds Toro,16,✔️ 2/2,1. SKYREAPER,3,100,#20L2JU2UU,A.DEGUZMAN1980,15,✔️ 2/2,1. IKY,3,100
#2G8PU0GLJ,#2G8PU0GLJ-20251026-DEGUZMANCLAN,26/10/2025,tie,DEGUZMAN CLAN,#8YVQ9RGCJ,J E C K O,14,✔️ 2/2,3. *Dark.Angel*,3,100,#20L2JU2UU,*Dark.Angel*,15,❌ 0/2,—,—,—
#2G8PU0GLJ,#2G8PU0GLJ-20251026-DEGUZMANCLAN,26/10/2025,tie,DEGUZMAN CLAN,#8YVQ9RGCJ,J E C K O,14,✔️ 2/2,2. A.DEGUZMAN1980,3,100,#20L2JU2UU,*Dark.Angel*,15,❌ 0/2,—,—,—
#2G8PU0GLJ,#2G8PU0GLJ-20251026-DEGUZMANCLAN,26/10/2025,tie,DEGUZMAN CLAN,#L22PUGLU8,Fikihida@,15,❌ 0/2,—,—,—,#20L2JU2UU,GLADIATOR,14,✔️ 2/2,19. IKY,3,100
#2G8PU0GLJ,#2G8PU0GLJ-20251026-DEGUZMANCLAN,26/10/2025,tie,DEGUZMAN CLAN,#L22PUGLU8,Fikihida@,15,❌ 0/2,—,—,—,#20L2JU2UU,GLADIATOR,14,✔️ 2/2,20. IKY THXV,3,100
#2G8PU0GLJ,#2G8PU0GLJ-20251026-DEGUZMANCLAN,26/10/2025,tie,DEGUZMAN CLAN,#LGLPRYCCC,junet ayee,14,✔️ 2/2,5. DESTROYER,3,100,#20L2JU2UU,DESTROYER,14,✔️ 2/2,2. Ds Toro,3,100
#2G8PU0GLJ,#2G8PU0GLJ-20251026-DEGUZMANCLAN,26/10/2025,tie,DEGUZMAN CLAN,#LGLPRYCCC,junet ayee,14,✔️ 2/2,6. HEARTHBREAKER,3,100,#20L2JU2UU,DESTROYER,14,✔️ 2/2,4. Fikihida@,3,100
#2G8PU0GLJ,#2G8PU0GLJ-20251026-DEGUZMANCLAN,26/10/2025,tie,DEGUZMAN CLAN,#LR0QY20GQ,Pemain Clash,14,✔️ 2/2,1. SKYREAPER,2,95,#20L2JU2UU,HEARTHBREAKER,14,✔️ 2/2,7. Nurizah,3,100
#2G8PU0GLJ,#2G8PU0GLJ-20251026-DEGUZMANCLAN,26/10/2025,tie,DEGUZMAN CLAN,#LR0QY20GQ,Pemain Clash,14,✔️ 2/2,2. A.DEGUZMAN1980,2,57,#20L2JU2UU,HEARTHBREAKER,14,✔️ 2/2,8. Ds. Toro,3,100
#2G8PU0GLJ,#2G8PU0GLJ-20251026-DEGUZMANCLAN,26/10/2025,tie,DEGUZMAN CLAN,#G0LP80CV0,Nurizah,14,✔️ 2/2,1. SKYREAPER,1,54,#20L2JU2UU,"""THE PRINCE""***",14,✔️ 2/2,6. Pemain Clash,2,87
#2G8PU0GLJ,#2G8PU0GLJ-20251026-DEGUZMANCLAN,26/10/2025,tie,DEGUZMAN CLAN,#G0LP80CV0,Nurizah,14,✔️ 2/2,2. A.DEGUZMAN1980,1,50,#20L2JU2UU,"""THE PRINCE""***",14,✔️ 2/2,11. RzkiAjKrniawn,3,100
#2G8PU0GLJ,#2G8PU0GLJ-20251026-DEGUZMANCLAN,26/10/2025,tie,DEGUZMAN CLAN,#8J0Q98VRU,Ds. Toro,14,✔️ 2/2,18. bogart,3,100,#20L2JU2UU,BRAVEHEARTH,14,✔️ 2/2,5. junet ayee,3,100
#2G8PU0GLJ,#2G8PU0GLJ-20251026-DEGUZMANCLAN,26/10/2025,tie,DEGUZMAN CLAN,#8J0Q98VRU,Ds. Toro,14,✔️ 2/2,19. WorngSpelling,3,100,#20L2JU2UU,BRAVEHEARTH,14,✔️ 2/2,18. Kuratakan Kau,3,100
#2G8PU0GLJ,#2G8PU0GLJ-20251026-DEGUZMANCLAN,26/10/2025,tie,DEGUZMAN CLAN,#9Y9RG0RVU,A G U N G,14,✔️ 2/2,"9. ""KINGQUASIMO""",3,100,#20L2JU2UU,"""KINGQUASIMO""",14,✔️ 2/2,10. Vilovi,3,100
#2G8PU0GLJ,#2G8PU0GLJ-20251026-DEGUZMANCLAN,26/10/2025,tie,DEGUZMAN CLAN,#9Y9RG0RVU,A G U N G,14,✔️ 2/2,8. BRAVEHEARTH,3,100,#20L2JU2UU,"""KINGQUASIMO""",14,✔️ 2/2,9. A G U N G,3,100
#2G8PU0GLJ,#2G8PU0GLJ-20251026-DEGUZMANCLAN,26/10/2025,tie,DEGUZMAN CLAN,#GQYQQ0PUP,Vilovi,14,✔️ 2/2,1. SKYREAPER,1,56,#20L2JU2UU,Zephaniah,15,✔️ 2/2,12. Dhiraj,3,100
#2G8PU0GLJ,#2G8PU0GLJ-20251026-DEGUZMANCLAN,26/10/2025,tie,DEGUZMAN CLAN,#GQYQQ0PUP,Vilovi,14,✔️ 2/2,2. A.DEGUZMAN1980,1,81,#20L2JU2UU,Zephaniah,15,✔️ 2/2,6. Pemain Clash,3,100
#2G8PU0GLJ,#2G8PU0GLJ-20251026-DEGUZMANCLAN,26/10/2025,tie,DEGUZMAN CLAN,#QVL08R2CJ,RzkiAjKrniawn,14,❌ 0/2,—,—,—,#20L2JU2UU,UnderDog,14,❌ 0/2,—,—,—
#2G8PU0GLJ,#2G8PU0GLJ-20251026-DEGUZMANCLAN,26/10/2025,tie,DEGUZMAN CLAN,#PG00VC92Y,Dhiraj,13,❌ 0/2,—,—,—,#20L2JU2UU,AttAcKiRoH,13,✔️ 2/2,12. Dhiraj,1,77
#2G8PU0GLJ,#2G8PU0GLJ-20251026-DEGUZMANCLAN,26/10/2025,tie,DEGUZMAN CLAN,#PG00VC92Y,Dhiraj,13,❌ 0/2,—,—,—,#20L2JU2UU,AttAcKiRoH,13,✔️ 2/2,13. EfendyZero,3,100
#2G8PU0GLJ,#2G8PU0GLJ-20251026-DEGUZMANCLAN,26/10/2025,tie,DEGUZMAN CLAN,#9JUUGCGP0,EfendyZero,13,❌ 0/2,—,—,—,#20L2JU2UU,(''-)krissanta,13,✔️ 2/2,"14. ""Hendra""",3,100
#2G8PU0GLJ,#2G8PU0GLJ-20251026-DEGUZMANCLAN,26/10/2025,tie,DEGUZMAN CLAN,#9JUUGCGP0,EfendyZero,13,❌ 0/2,—,—,—,#20L2JU2UU,(''-)krissanta,13,✔️ 2/2,15. sarmila27,3,100
#2G8PU0GLJ,#2G8PU0GLJ-20251026-DEGUZMANCLAN,26/10/2025,tie,DEGUZMAN CLAN,#QL8V29QU8,"""Hendra""",13,✔️ 2/2,10. Zephaniah,3,100,#20L2JU2UU,YuKi AiHaRa,13,✔️ 2/2,16. IKY,3,100
#2G8PU0GLJ,#2G8PU0GLJ-20251026-DEGUZMANCLAN,26/10/2025,tie,DEGUZMAN CLAN,#QL8V29QU8,"""Hendra""",13,✔️ 2/2,"7. ""THE PRINCE""***",3,100,#20L2JU2UU,YuKi AiHaRa,13,✔️ 2/2,17. Jo,3,100
#2G8PU0GLJ,#2G8PU0GLJ-20251026-DEGUZMANCLAN,26/10/2025,tie,DEGUZMAN CLAN,#G9VPJGYUU,sarmila27,13,✔️ 2/2,14. YuKi AiHaRa,3,100,#20L2JU2UU,haiahsjzizbsjwj,13,❌ 1/2,16. IKY,2,81
#2G8PU0GLJ,#2G8PU0GLJ-20251026-DEGUZMANCLAN,26/10/2025,tie,DEGUZMAN CLAN,#G9VPJGYUU,sarmila27,13,✔️ 2/2,11. UnderDog,2,85,#20L2JU2UU,haiahsjzizbsjwj,13,❌ 1/2,—,—,—
#2G8PU0GLJ,#2G8PU0GLJ-20251026-DEGUZMANCLAN,26/10/2025,tie,DEGUZMAN CLAN,#GG8R02YY9,IKY,13,✔️ 2/2,12. AttAcKiRoH,3,100,#20L2JU2UU,! AttAcKiRoH !,12,✔️ 2/2,16. IKY,2,54
#2G8PU0GLJ,#2G8PU0GLJ-20251026-DEGUZMANCLAN,26/10/2025,tie,DEGUZMAN CLAN,#GG8R02YY9,IKY,13,✔️ 2/2,11. UnderDog,3,100,#20L2JU2UU,! AttAcKiRoH !,12,✔️ 2/2,17. Jo,1,54
#2G8PU0GLJ,#2G8PU0GLJ-20251026-DEGUZMANCLAN,26/10/2025,tie,DEGUZMAN CLAN,#GP9U8029L,Jo,13,✔️ 2/2,15. haiahsjzizbsjwj,3,100,#20L2JU2UU,5thvillage.,11,❌ 0/2,—,—,—
#2G8PU0GLJ,#2G8PU0GLJ-20251026-DEGUZMANCLAN,26/10/2025,tie,DEGUZMAN CLAN,#GP9U8029L,Jo,13,✔️ 2/2,13. (''-)krissanta,3,100,#20L2JU2UU,5thvillage.,11,❌ 0/2,—,—,—
#2G8PU0GLJ,#2G8PU0GLJ-20251026-DEGUZMANCLAN,26/10/2025,tie,DEGUZMAN CLAN,#QCUP0U9YV,Kuratakan Kau,14,✔️ 2/2,1. SKYREAPER,2,60,#20L2JU2UU,bogart,9,❌ 0/2,—,—,—
#2G8PU0GLJ,#2G8PU0GLJ-20251026-DEGUZMANCLAN,26/10/2025,tie,DEGUZMAN CLAN,#QCUP0U9YV,Kuratakan Kau,14,✔️ 2/2,2. A.DEGUZMAN1980,2,99,#20L2JU2UU,bogart,9,❌ 0/2,—,—,—
#2G8PU0GLJ,#2G8PU0GLJ-20251026-DEGUZMANCLAN,26/10/2025,tie,DEGUZMAN CLAN,#GQ9U90QVL,IKY,12,✔️ 2/2,16. ! AttAcKiRoH !,3,100,#20L2JU2UU,WorngSpelling,10,❌ 0/2,—,—,—
#2G8PU0GLJ,#2G8PU0GLJ-20251026-DEGUZMANCLAN,26/10/2025,tie,DEGUZMAN CLAN,#GQ9U90QVL,IKY,12,✔️ 2/2,17. 5thvillage.,3,100,#20L2JU2UU,WorngSpelling,10,❌ 0/2,—,—,—
#2G8PU0GLJ,#2G8PU0GLJ-20251026-DEGUZMANCLAN,26/10/2025,tie,DEGUZMAN CLAN,#GU892C02J,IKY THXV,12,❌ 1/2,20. covid m202020,3,100,#20L2JU2UU,covid m202020,9,✔️ 2/2,20. IKY THXV,1,58
#2G8PU0GLJ,#2G8PU0GLJ-20251026-DEGUZMANCLAN,26/10/2025,tie,DEGUZMAN CLAN,#GU892C02J,IKY THXV,12,❌ 1/2,—,—,—,#20L2JU2UU,covid m202020,9,✔️ 2/2,19. IKY,0,28
⚔️ GBK SQUAD (#2GQ9R8Y2R) vs SCARY HUNTER (#2JR9G0UJP),#2GQ9R8Y2R-20251027-SCARYHUNTER,,,,,,,,,,,,,,,,,
#2GQ9R8Y2R,#2GQ9R8Y2R-20251027-SCARYHUNTER,27/10/2025,win,SCARY HUNTER,#GLG092G9Q,Supercell,13,✔️ 2/2,2. vee,3,100,#2JR9G0UJP,ILHAM,13,✔️ 2/2,1. Supercell,3,100
#2GQ9R8Y2R,#2GQ9R8Y2R-20251027-SCARYHUNTER,27/10/2025,win,SCARY HUNTER,#GLG092G9Q,Supercell,13,✔️ 2/2,7. zahra,3,100,#2JR9G0UJP,ILHAM,13,✔️ 2/2,2. cu$$,3,100
#2GQ9R8Y2R,#2GQ9R8Y2R-20251027-SCARYHUNTER,27/10/2025,win,SCARY HUNTER,#QRC0VJJGY,cu$$,12,✔️ 2/2,2. vee,0,15,#2JR9G0UJP,vee,12,✔️ 2/2,3. Snacky,3,100
#2GQ9R8Y2R,#2GQ9R8Y2R-20251027-SCARYHUNTER,27/10/2025,win,SCARY HUNTER,#QRC0VJJGY,cu$$,12,✔️ 2/2,3. Andre hunter,1,74,#2JR9G0UJP,vee,12,✔️ 2/2,4. Tradosik,3,100
#2GQ9R8Y2R,#2GQ9R8Y2R-20251027-SCARYHUNTER,27/10/2025,win,SCARY HUNTER,#G2PQVJVVP,Snacky,11,✔️ 2/2,1. ILHAM,3,100,#2JR9G0UJP,Andre hunter,12,✔️ 2/2,6. £RAFKY™®,3,100
#2GQ9R8Y2R,#2GQ9R8Y2R-20251027-SCARYHUNTER,27/10/2025,win,SCARY HUNTER,#G2PQVJVVP,Snacky,11,✔️ 2/2,2. vee,2,93,#2JR9G0UJP,Andre hunter,12,✔️ 2/2,5. ANJAYYY,3,100
#2GQ9R8Y2R,#2GQ9R8Y2R-20251027-SCARYHUNTER,27/10/2025,win,SCARY HUNTER,#G98R2GPY0,Tradosik,11,✔️ 2/2,9. Ghost Hunter,3,100,#2JR9G0UJP,Madagazcar,11,❌ 0/2,—,—,—
#2GQ9R8Y2R,#2GQ9R8Y2R-20251027-SCARYHUNTER,27/10/2025,win,SCARY HUNTER,#G98R2GPY0,Tradosik,11,✔️ 2/2,8. keith,3,100,#2JR9G0UJP,Madagazcar,11,❌ 0/2,—,—,—
#2GQ9R8Y2R,#2GQ9R8Y2R-20251027-SCARYHUNTER,27/10/2025,win,SCARY HUNTER,#GLVUGPQJ2,ANJAYYY,11,✔️ 2/2,4. Madagazcar,3,100,#2JR9G0UJP,Xkiz-,11,❌ 0/2,—,—,—
#2GQ9R8Y2R,#2GQ9R8Y2R-20251027-SCARYHUNTER,27/10/2025,win,SCARY HUNTER,#GLVUGPQJ2,ANJAYYY,11,✔️ 2/2,6. king,3,100,#2JR9G0UJP,Xkiz-,11,❌ 0/2,—,—,—
#2GQ9R8Y2R,#2GQ9R8Y2R-20251027-SCARYHUNTER,27/10/2025,win,SCARY HUNTER,#GRGUVYPJU,£RAFKY™®,11,❌ 0/2,—,—,—,#2JR9G0UJP,king,11,❌ 0/2,—,—,—
#2GQ9R8Y2R,#2GQ9R8Y2R-20251027-SCARYHUNTER,27/10/2025,win,SCARY HUNTER,#GU2U9LQJC,IKY,11,✔️ 2/2,5. Xkiz-,3,100,#2JR9G0UJP,zahra,10,✔️ 2/2,12. Gibran al farel,2,94
#2GQ9R8Y2R,#2GQ9R8Y2R-20251027-SCARYHUNTER,27/10/2025,win,SCARY HUNTER,#GU2U9LQJC,IKY,11,✔️ 2/2,3. Andre hunter,3,100,#2JR9G0UJP,zahra,10,✔️ 2/2,10. ugi,2,65
#2GQ9R8Y2R,#2GQ9R8Y2R-20251027-SCARYHUNTER,27/10/2025,win,SCARY HUNTER,#GQC0PUP8R,ra!,11,❌ 1/2,8. keith,1,52,#2JR9G0UJP,keith,10,✔️ 2/2,8. ra!,3,100
#2GQ9R8Y2R,#2GQ9R8Y2R-20251027-SCARYHUNTER,27/10/2025,win,SCARY HUNTER,#GQC0PUP8R,ra!,11,❌ 1/2,—,—,—,#2JR9G0UJP,keith,10,✔️ 2/2,7. IKY,3,100
#2GQ9R8Y2R,#2GQ9R8Y2R-20251027-SCARYHUNTER,27/10/2025,win,SCARY HUNTER,#GV82P2JV8,IKY,10,✔️ 2/2,10. Gita Toto,3,100,#2JR9G0UJP,Ghost Hunter,11,✔️ 2/2,10. ugi,3,100
#2GQ9R8Y2R,#2GQ9R8Y2R-20251027-SCARYHUNTER,27/10/2025,win,SCARY HUNTER,#GV82P2JV8,IKY,10,✔️ 2/2,11. foli dan jones,3,100,#2JR9G0UJP,Ghost Hunter,11,✔️ 2/2,12. Gibran al farel,3,100
#2GQ9R8Y2R,#2GQ9R8Y2R-20251027-SCARYHUNTER,27/10/2025,win,SCARY HUNTER,#GLVJP08RR,ugi,10,❌ 0/2,—,—,—,#2JR9G0UJP,Gita Toto,10,✔️ 2/2,13. Mam,1,64
#2GQ9R8Y2R,#2GQ9R8Y2R-20251027-SCARYHUNTER,27/10/2025,win,SCARY HUNTER,#GLVJP08RR,ugi,10,❌ 0/2,—,—,—,#2JR9G0UJP,Gita Toto,10,✔️ 2/2,14. IKY,3,100
#2GQ9R8Y2R,#2GQ9R8Y2R-20251027-SCARYHUNTER,27/10/2025,win,SCARY HUNTER,#GRL8VLYC0,Inspire,10,❌ 0/2,—,—,—,#2JR9G0UJP,foli dan jones,11,❌ 0/2,—,—,—
#2GQ9R8Y2R,#2GQ9R8Y2R-20251027-SCARYHUNTER,27/10/2025,win,SCARY HUNTER,#QUGRQRRQC,Gibran al farel,10,❌ 0/2,—,—,—,#2JR9G0UJP,MIPIT NR,10,✔️ 2/2,9. IKY,3,100
#2GQ9R8Y2R,#2GQ9R8Y2R-20251027-SCARYHUNTER,27/10/2025,win,SCARY HUNTER,#QUGRQRRQC,Gibran al farel,10,❌ 0/2,—,—,—,#2JR9G0UJP,MIPIT NR,10,✔️ 2/2,11. Inspire,3,100
#2GQ9R8Y2R,#2GQ9R8Y2R-20251027-SCARYHUNTER,27/10/2025,win,SCARY HUNTER,#GL8U02PPP,Mam,10,✔️ 2/2,14. raveena,3,100,#2JR9G0UJP,udin,10,❌ 0/2,—,—,—
#2GQ9R8Y2R,#2GQ9R8Y2R-20251027-SCARYHUNTER,27/10/2025,win,SCARY HUNTER,#GL8U02PPP,Mam,10,✔️ 2/2,13. udin,3,100,#2JR9G0UJP,udin,10,❌ 0/2,—,—,—
#2GQ9R8Y2R,#2GQ9R8Y2R-20251027-SCARYHUNTER,27/10/2025,win,SCARY HUNTER,#GPUYUURLC,IKY,9,✔️ 2/2,15. Gajah Mada,3,100,#2JR9G0UJP,raveena,9,✔️ 2/2,14. IKY,2,58
#2GQ9R8Y2R,#2GQ9R8Y2R-20251027-SCARYHUNTER,27/10/2025,win,SCARY HUNTER,#GPUYUURLC,IKY,9,✔️ 2/2,12. MIPIT NR,3,100,#2JR9G0UJP,raveena,9,✔️ 2/2,15. zheaa,3,100
#2GQ9R8Y2R,#2GQ9R8Y2R-20251027-SCARYHUNTER,27/10/2025,win,SCARY HUNTER,#GPP0RVC0R,zheaa,9,❌ 0/2,—,—,—,#2JR9G0UJP,Gajah Mada,8,❌ 0/2,—,—,—
⚔️ GBK CREW (#2G8PU0GLJ) vs WINNING HOPES (#2J9VQG8Y9),#2G8PU0GLJ-20251028-WINNINGHOPES,,,,,,,,,,,,,,,,,
#2G8PU0GLJ,#2G8PU0GLJ-20251028-WINNINGHOPES,28/10/2025,win,WINNING HOPES,#Q8GQQYRYR,IKY,16,✔️ 2/2,1. ʟͥɪᴀͣᴍͫ,1,83,#2J9VQG8Y9,ʟͥɪᴀͣᴍͫ,15,✔️ 2/2,1. IKY,3,100
#2G8PU0GLJ,#2G8PU0GLJ-20251028-WINNINGHOPES,28/10/2025,win,WINNING HOPES,#Q8GQQYRYR,IKY,16,✔️ 2/2,4. junior sekoo,3,100,#2J9VQG8Y9,ʟͥɪᴀͣᴍͫ,15,✔️ 2/2,2. RONEY,3,100
#2G8PU0GLJ,#2G8PU0GLJ-20251028-WINNINGHOPES,28/10/2025,win,WINNING HOPES,#8QQJL0V0Q,RONEY,16,✔️ 2/2,2. Dyexlo,3,100,#2J9VQG8Y9,Dyexlo,16,✔️ 2/2,3. J E C K O,2,77
#2G8PU0GLJ,#2G8PU0GLJ-20251028-WINNINGHOPES,28/10/2025,win,WINNING HOPES,#8QQJL0V0Q,RONEY,16,✔️ 2/2,1. ʟͥɪᴀͣᴍͫ,3,100,#2J9VQG8Y9,Dyexlo,16,✔️ 2/2,4. junet ayee,3,100
#2G8PU0GLJ,#2G8PU0GLJ-20251028-WINNINGHOPES,28/10/2025,win,WINNING HOPES,#8YVQ9RGCJ,J E C K O,14,✔️ 2/2,3. Greenfury,3,100,#2J9VQG8Y9,Greenfury,14,❌ 1/2,14. Jo,3,100
#2G8PU0GLJ,#2G8PU0GLJ-20251028-WINNINGHOPES,28/10/2025,win,WINNING HOPES,#8YVQ9RGCJ,J E C K O,14,✔️ 2/2,5. <<TERROR KING>>,3,100,#2J9VQG8Y9,Greenfury,14,❌ 1/2,—,—,—
#2G8PU0GLJ,#2G8PU0GLJ-20251028-WINNINGHOPES,28/10/2025,win,WINNING HOPES,#LGLPRYCCC,junet ayee,14,✔️ 2/2,3. Greenfury,2,86,#2J9VQG8Y9,junior sekoo,16,✔️ 2/2,3. J E C K O,2,75
#2G8PU0GLJ,#2G8PU0GLJ-20251028-WINNINGHOPES,28/10/2025,win,WINNING HOPES,#LGLPRYCCC,junet ayee,14,✔️ 2/2,5. <<TERROR KING>>,2,85,#2J9VQG8Y9,junior sekoo,16,✔️ 2/2,5. Pemain Clash,3,100
#2G8PU0GLJ,#2G8PU0GLJ-20251028-WINNINGHOPES,28/10/2025,win,WINNING HOPES,#LR0QY20GQ,Pemain Clash,14,❌ 0/2,—,—,—,#2J9VQG8Y9,<<TERROR KING>>,14,✔️ 2/2,7. MORE STATS 01,2,76
#2G8PU0GLJ,#2G8PU0GLJ-20251028-WINNINGHOPES,28/10/2025,win,WINNING HOPES,#LR0QY20GQ,Pemain Clash,14,❌ 0/2,—,—,—,#2J9VQG8Y9,<<TERROR KING>>,14,✔️ 2/2,5. Pemain Clash,2,96
#2G8PU0GLJ,#2G8PU0GLJ-20251028-WINNINGHOPES,28/10/2025,win,WINNING HOPES,#G0LP80CV0,Nurizah,14,✔️ 2/2,6. ATRISH,2,99,#2J9VQG8Y9,ATRISH,14,✔️ 2/2,6. Nurizah,3,100
#2G8PU0GLJ,#2G8PU0GLJ-20251028-WINNINGHOPES,28/10/2025,win,WINNING HOPES,#G0LP80CV0,Nurizah,14,✔️ 2/2,7. RamboKaya6,2,81,#2J9VQG8Y9,ATRISH,14,✔️ 2/2,8. A G U N G,3,100
#2G8PU0GLJ,#2G8PU0GLJ-20251028-WINNINGHOPES,28/10/2025,win,WINNING HOPES,#YVP8Y0UQU,MORE STATS 01,14,✔️ 2/2,8. kie,1,78,#2J9VQG8Y9,RamboKaya6,14,✔️ 2/2,6. Nurizah,2,98
#2G8PU0GLJ,#2G8PU0GLJ-20251028-WINNINGHOPES,28/10/2025,win,WINNING HOPES,#YVP8Y0UQU,MORE STATS 01,14,✔️ 2/2,1. ʟͥɪᴀͣᴍͫ,1,46,#2J9VQG8Y9,RamboKaya6,14,✔️ 2/2,7. MORE STATS 01,2,97
#2G8PU0GLJ,#2G8PU0GLJ-20251028-WINNINGHOPES,28/10/2025,win,WINNING HOPES,#9Y9RG0RVU,A G U N G,14,✔️ 2/2,8. kie,3,100,#2J9VQG8Y9,kie,14,✔️ 2/2,11. kurmin grab Amb,3,100
#2G8PU0GLJ,#2G8PU0GLJ-20251028-WINNINGHOPES,28/10/2025,win,WINNING HOPES,#9Y9RG0RVU,A G U N G,14,✔️ 2/2,6. ATRISH,3,100,#2J9VQG8Y9,kie,14,✔️ 2/2,"10. ""Hendra""",3,100
#2G8PU0GLJ,#2G8PU0GLJ-20251028-WINNINGHOPES,28/10/2025,win,WINNING HOPES,#YLLPQCGC2,AKASHIIIC,13,✔️ 2/2,9. Cosmic,3,100,#2J9VQG8Y9,Cosmic,14,✔️ 2/2,9. AKASHIIIC,3,100
#2G8PU0GLJ,#2G8PU0GLJ-20251028-WINNINGHOPES,28/10/2025,win,WINNING HOPES,#YLLPQCGC2,AKASHIIIC,13,✔️ 2/2,7. RamboKaya6,3,100,#2J9VQG8Y9,Cosmic,14,✔️ 2/2,13. sarmila27,3,100
#2G8PU0GLJ,#2G8PU0GLJ-20251028-WINNINGHOPES,28/10/2025,win,WINNING HOPES,#QL8V29QU8,"""Hendra""",13,❌ 0/2,—,—,—,#2J9VQG8Y9,lv_24th,14,❌ 0/2,—,—,—
#2G8PU0GLJ,#2G8PU0GLJ-20251028-WINNINGHOPES,28/10/2025,win,WINNING HOPES,#G2PUP8RQU,kurmin grab Amb,15,❌ 0/2,—,—,—,#2J9VQG8Y9,medsdead86,14,✔️ 2/2,8. A G U N G,2,69
#2G8PU0GLJ,#2G8PU0GLJ-20251028-WINNINGHOPES,28/10/2025,win,WINNING HOPES,#G2PUP8RQU,kurmin grab Amb,15,❌ 0/2,—,—,—,#2J9VQG8Y9,medsdead86,14,✔️ 2/2,7. MORE STATS 01,1,82
#2G8PU0GLJ,#2G8PU0GLJ-20251028-WINNINGHOPES,28/10/2025,win,WINNING HOPES,#GG8R02YY9,IKY,13,✔️ 2/2,13. #AYUSH,3,100,#2J9VQG8Y9,johnny.honu,13,✔️ 2/2,12. IKY,3,100
#2G8PU0GLJ,#2G8PU0GLJ-20251028-WINNINGHOPES,28/10/2025,win,WINNING HOPES,#GG8R02YY9,IKY,13,✔️ 2/2,11. medsdead86,3,100,#2J9VQG8Y9,johnny.honu,13,✔️ 2/2,8. A G U N G,2,89
#2G8PU0GLJ,#2G8PU0GLJ-20251028-WINNINGHOPES,28/10/2025,win,WINNING HOPES,#G9VPJGYUU,sarmila27,13,✔️ 2/2,12. johnny.honu,3,100,#2J9VQG8Y9,#AYUSH,13,❌ 1/2,13. sarmila27,2,81
#2G8PU0GLJ,#2G8PU0GLJ-20251028-WINNINGHOPES,28/10/2025,win,WINNING HOPES,#G9VPJGYUU,sarmila27,13,✔️ 2/2,14. Comm,3,100,#2J9VQG8Y9,#AYUSH,13,❌ 1/2,—,—,—
#2G8PU0GLJ,#2G8PU0GLJ-20251028-WINNINGHOPES,28/10/2025,win,WINNING HOPES,#GP9U8029L,Jo,13,✔️ 2/2,15. Ahkammas,3,100,#2J9VQG8Y9,Comm,13,✔️ 2/2,14. Jo,1,82
#2G8PU0GLJ,#2G8PU0GLJ-20251028-WINNINGHOPES,28/10/2025,win,WINNING HOPES,#GP9U8029L,Jo,13,✔️ 2/2,10. lv_24th,3,100,#2J9VQG8Y9,Comm,13,✔️ 2/2,15. IKY,3,100
#2G8PU0GLJ,#2G8PU0GLJ-20251028-WINNINGHOPES,28/10/2025,win,WINNING HOPES,#GQ9U90QVL,IKY,12,❌ 1/2,15. Ahkammas,2,70,#2J9VQG8Y9,Ahkammas,13,❌ 0/2,—,—,—
⚔️ GBK SQUAD (#2GQ9R8Y2R) vs BANTONG 5253 (#2JLLQ0GVU),#2GQ9R8Y2R-20251029-BANTONG5253,,,,,,,,,,,,,,,,,
#2GQ9R8Y2R,#2GQ9R8Y2R-20251029-BANTONG5253,29/10/2025,win,BANTONG 5253,#GLG092G9Q,Supercell,13,✔️ 2/2,5. Feron,3,100,#2JLLQ0GVU,Julio.,12,❌ 1/2,1. Supercell,3,100
#2GQ9R8Y2R,#2GQ9R8Y2R-20251029-BANTONG5253,29/10/2025,win,BANTONG 5253,#GLG092G9Q,Supercell,13,✔️ 2/2,1. Julio.,3,100,#2JLLQ0GVU,Julio.,12,❌ 1/2,—,—,—
#2GQ9R8Y2R,#2GQ9R8Y2R-20251029-BANTONG5253,29/10/2025,win,BANTONG 5253,#QRC0VJJGY,cu$$,12,❌ 0/2,—,—,—,#2JLLQ0GVU,Made Ari,12,❌ 0/2,—,—,—
#2GQ9R8Y2R,#2GQ9R8Y2R-20251029-BANTONG5253,29/10/2025,win,BANTONG 5253,#G2PQVJVVP,Snacky,11,✔️ 2/2,1. Julio.,3,100,#2JLLQ0GVU,BAKALAE JO BABi,11,✔️ 2/2,3. Snacky,3,100
#2GQ9R8Y2R,#2GQ9R8Y2R-20251029-BANTONG5253,29/10/2025,win,BANTONG 5253,#G2PQVJVVP,Snacky,11,✔️ 2/2,2. Made Ari,3,100,#2JLLQ0GVU,BAKALAE JO BABi,11,✔️ 2/2,4. ANJAYYY,3,100
#2GQ9R8Y2R,#2GQ9R8Y2R-20251029-BANTONG5253,29/10/2025,win,BANTONG 5253,#GLVUGPQJ2,ANJAYYY,11,✔️ 2/2,4. MasterClans,2,99,#2JLLQ0GVU,MasterClans,11,❌ 0/2,—,—,—
#2GQ9R8Y2R,#2GQ9R8Y2R-20251029-BANTONG5253,29/10/2025,win,BANTONG 5253,#GLVUGPQJ2,ANJAYYY,11,✔️ 2/2,3. BAKALAE JO BABi,3,100,#2JLLQ0GVU,MasterClans,11,❌ 0/2,—,—,—
#2GQ9R8Y2R,#2GQ9R8Y2R-20251029-BANTONG5253,29/10/2025,win,BANTONG 5253,#G98R2GPY0,Tradosik,11,✔️ 2/2,6. Feron,3,100,#2JLLQ0GVU,Feron,11,❌ 0/2,—,—,—
#2GQ9R8Y2R,#2GQ9R8Y2R-20251029-BANTONG5253,29/10/2025,win,BANTONG 5253,#G98R2GPY0,Tradosik,11,✔️ 2/2,7. Julioo,3,100,#2JLLQ0GVU,Feron,11,❌ 0/2,—,—,—
#2GQ9R8Y2R,#2GQ9R8Y2R-20251029-BANTONG5253,29/10/2025,win,BANTONG 5253,#GV82P2JV8,IKY,10,✔️ 2/2,5. Feron,2,98,#2JLLQ0GVU,Feron,10,❌ 0/2,—,—,—
#2GQ9R8Y2R,#2GQ9R8Y2R-20251029-BANTONG5253,29/10/2025,win,BANTONG 5253,#GV82P2JV8,IKY,10,✔️ 2/2,4. MasterClans,3,100,#2JLLQ0GVU,Feron,10,❌ 0/2,—,—,—
#2GQ9R8Y2R,#2GQ9R8Y2R-20251029-BANTONG5253,29/10/2025,win,BANTONG 5253,#GRL8VLYC0,Inspire,10,✔️ 2/2,7. Julioo,3,100,#2JLLQ0GVU,Julioo,10,❌ 0/2,—,—,—
#2GQ9R8Y2R,#2GQ9R8Y2R-20251029-BANTONG5253,29/10/2025,win,BANTONG 5253,#GRL8VLYC0,Inspire,10,✔️ 2/2,8. Danjulio,3,100,#2JLLQ0GVU,Julioo,10,❌ 0/2,—,—,—
#2GQ9R8Y2R,#2GQ9R8Y2R-20251029-BANTONG5253,29/10/2025,win,BANTONG 5253,#GL8U02PPP,Mam,10,✔️ 2/2,7. Julioo,2,86,#2JLLQ0GVU,Danjulio,9,❌ 0/2,—,—,—
#2GQ9R8Y2R,#2GQ9R8Y2R-20251029-BANTONG5253,29/10/2025,win,BANTONG 5253,#GL8U02PPP,Mam,10,✔️ 2/2,8. Danjulio,3,100,#2JLLQ0GVU,Danjulio,9,❌ 0/2,—,—,—
#2GQ9R8Y2R,#2GQ9R8Y2R-20251029-BANTONG5253,29/10/2025,win,BANTONG 5253,#GPUYUURLC,IKY,9,✔️ 2/2,1. Julio.,1,52,#2JLLQ0GVU,Danjul.,9,❌ 1/2,10. zheaa,1,97
#2GQ9R8Y2R,#2GQ9R8Y2R-20251029-BANTONG5253,29/10/2025,win,BANTONG 5253,#GPUYUURLC,IKY,9,✔️ 2/2,2. Made Ari,1,51,#2JLLQ0GVU,Danjul.,9,❌ 1/2,—,—,—
#2GQ9R8Y2R,#2GQ9R8Y2R-20251029-BANTONG5253,29/10/2025,win,BANTONG 5253,#GPP0RVC0R,zheaa,9,✔️ 2/2,10. tinggg,3,100,#2JLLQ0GVU,tinggg,9,❌ 0/2,—,—,—
#2GQ9R8Y2R,#2GQ9R8Y2R-20251029-BANTONG5253,29/10/2025,win,BANTONG 5253,#GPP0RVC0R,zheaa,9,✔️ 2/2,9. Danjul.,3,100,#2JLLQ0GVU,tinggg,9,❌ 0/2,—,—,—
⚔️ GBK CREW (#2G8PU0GLJ) vs BLACK LIST (#2RJ9YYL22),#2G8PU0GLJ-20251030-BLACKLIST,,,,,,,,,,,,,,,,,
#2G8PU0GLJ,#2G8PU0GLJ-20251030-BLACKLIST,31/10/2025,win,BLACK LIST,#CQC8LGUL,mugi dodit,17,✔️ 2/2,7. Hacker,3,100,#2RJ9YYL22,Gara.........,16,✔️ 2/2,1. mugi dodit,3,100
#2G8PU0GLJ,#2G8PU0GLJ-20251030-BLACKLIST,31/10/2025,win,BLACK LIST,#CQC8LGUL,mugi dodit,17,✔️ 2/2,1. Gara.........,2,99,#2RJ9YYL22,Gara.........,16,✔️ 2/2,2. IKY,3,100
#2G8PU0GLJ,#2G8PU0GLJ-20251030-BLACKLIST,31/10/2025,win,BLACK LIST,#Q8GQQYRYR,IKY,16,✔️ 2/2,3. suy@pro,3,100,#2RJ9YYL22,sevin,15,✔️ 2/2,4. Saya sappol,2,74
#2G8PU0GLJ,#2G8PU0GLJ-20251030-BLACKLIST,31/10/2025,win,BLACK LIST,#Q8GQQYRYR,IKY,16,✔️ 2/2,1. Gara.........,1,94,#2RJ9YYL22,sevin,15,✔️ 2/2,5. J E C K O,2,90
#2G8PU0GLJ,#2G8PU0GLJ-20251030-BLACKLIST,31/10/2025,win,BLACK LIST,#8QQJL0V0Q,RONEY,16,✔️ 2/2,1. Gara.........,3,100,#2RJ9YYL22,suy@pro,16,✔️ 2/2,6. Fikihida@,3,100
#2G8PU0GLJ,#2G8PU0GLJ-20251030-BLACKLIST,31/10/2025,win,BLACK LIST,#8QQJL0V0Q,RONEY,16,✔️ 2/2,2. sevin,3,100,#2RJ9YYL22,suy@pro,16,✔️ 2/2,7. junet ayee,2,97
#2G8PU0GLJ,#2G8PU0GLJ-20251030-BLACKLIST,31/10/2025,win,BLACK LIST,#Q2CL8JLUY,Saya sappol,15,❌ 0/2,—,—,—,#2RJ9YYL22,Ko.,15,✔️ 2/2,3. RONEY,3,100
#2G8PU0GLJ,#2G8PU0GLJ-20251030-BLACKLIST,31/10/2025,win,BLACK LIST,#Q2CL8JLUY,Saya sappol,15,❌ 0/2,—,—,—,#2RJ9YYL22,Ko.,15,✔️ 2/2,4. Saya sappol,3,100
#2G8PU0GLJ,#2G8PU0GLJ-20251030-BLACKLIST,31/10/2025,win,BLACK LIST,#8YVQ9RGCJ,J E C K O,15,✔️ 2/2,4. Ko.,3,100,#2RJ9YYL22,ZAKRULLAH S.U,14,✔️ 2/2,10. MORE STATS 01,2,92
#2G8PU0GLJ,#2G8PU0GLJ-20251030-BLACKLIST,31/10/2025,win,BLACK LIST,#8YVQ9RGCJ,J E C K O,15,✔️ 2/2,8. J H A M I I E29,3,100,#2RJ9YYL22,ZAKRULLAH S.U,14,✔️ 2/2,11. A G U N G,1,67
#2G8PU0GLJ,#2G8PU0GLJ-20251030-BLACKLIST,31/10/2025,win,BLACK LIST,#L22PUGLU8,Fikihida@,15,❌ 0/2,—,—,—,#2RJ9YYL22,احسان ریگی 1,14,❌ 0/2,—,—,—
#2G8PU0GLJ,#2G8PU0GLJ-20251030-BLACKLIST,31/10/2025,win,BLACK LIST,#LGLPRYCCC,junet ayee,14,✔️ 2/2,9. Crypts,3,100,#2RJ9YYL22,Hacker,14,❌ 0/2,—,—,—
#2G8PU0GLJ,#2G8PU0GLJ-20251030-BLACKLIST,31/10/2025,win,BLACK LIST,#LGLPRYCCC,junet ayee,14,✔️ 2/2,7. Hacker,1,98,#2RJ9YYL22,Hacker,14,❌ 0/2,—,—,—
#2G8PU0GLJ,#2G8PU0GLJ-20251030-BLACKLIST,31/10/2025,win,BLACK LIST,#PVCCQUV8P,ardiansyah,14,✔️ 2/2,7. Hacker,2,94,#2RJ9YYL22,J H A M I I E29,14,✔️ 2/2,8. ardiansyah,2,98
#2G8PU0GLJ,#2G8PU0GLJ-20251030-BLACKLIST,31/10/2025,win,BLACK LIST,#PVCCQUV8P,ardiansyah,14,✔️ 2/2,20. romi,3,100,#2RJ9YYL22,J H A M I I E29,14,✔️ 2/2,9. Nurizah,1,83
#2G8PU0GLJ,#2G8PU0GLJ-20251030-BLACKLIST,31/10/2025,win,BLACK LIST,#G0LP80CV0,Nurizah,14,✔️ 2/2,7. Hacker,2,99,#2RJ9YYL22,Crypts,14,✔️ 2/2,15. IKY,3,100
#2G8PU0GLJ,#2G8PU0GLJ-20251030-BLACKLIST,31/10/2025,win,BLACK LIST,#G0LP80CV0,Nurizah,14,✔️ 2/2,1. Gara.........,1,16,#2RJ9YYL22,Crypts,14,✔️ 2/2,"14. ""Hendra""",3,100
#2G8PU0GLJ,#2G8PU0GLJ-20251030-BLACKLIST,31/10/2025,win,BLACK LIST,#YVP8Y0UQU,MORE STATS 01,14,✔️ 2/2,10. Mohammad jafari,3,100,#2RJ9YYL22,Mohammad jafari,14,❌ 1/2,5. J E C K O,1,98
#2G8PU0GLJ,#2G8PU0GLJ-20251030-BLACKLIST,31/10/2025,win,BLACK LIST,#YVP8Y0UQU,MORE STATS 01,14,✔️ 2/2,7. Hacker,2,98,#2RJ9YYL22,Mohammad jafari,14,❌ 1/2,—,—,—
#2G8PU0GLJ,#2G8PU0GLJ-20251030-BLACKLIST,31/10/2025,win,BLACK LIST,#9Y9RG0RVU,A G U N G,14,✔️ 2/2,5. ZAKRULLAH S.U,3,100,#2RJ9YYL22,الیاس بلوچ,14,✔️ 2/2,16. sarmila27,2,98
#2G8PU0GLJ,#2G8PU0GLJ-20251030-BLACKLIST,31/10/2025,win,BLACK LIST,#9Y9RG0RVU,A G U N G,14,✔️ 2/2,6. احسان ریگی 1,3,100,#2RJ9YYL22,الیاس بلوچ,14,✔️ 2/2,17. Jo,3,100
#2G8PU0GLJ,#2G8PU0GLJ-20251030-BLACKLIST,31/10/2025,win,BLACK LIST,#YLLPQCGC2,AKASHIIIC,13,✔️ 2/2,7. Hacker,1,74,#2RJ9YYL22,امیرحسین,13,✔️ 2/2,"14. ""Hendra""",1,60
#2G8PU0GLJ,#2G8PU0GLJ-20251030-BLACKLIST,31/10/2025,win,BLACK LIST,#YLLPQCGC2,AKASHIIIC,13,✔️ 2/2,1. Gara.........,2,70,#2RJ9YYL22,امیرحسین,13,✔️ 2/2,17. Jo,1,89
#2G8PU0GLJ,#2G8PU0GLJ-20251030-BLACKLIST,31/10/2025,win,BLACK LIST,#PG00VC92Y,Dhiraj,13,❌ 0/2,—,—,—,#2RJ9YYL22,Zahra,13,❌ 0/2,—,—,—
#2G8PU0GLJ,#2G8PU0GLJ-20251030-BLACKLIST,31/10/2025,win,BLACK LIST,#QL8V29QU8,"""Hendra""",13,✔️ 2/2,20. romi,3,100,#2RJ9YYL22,ذکرالله,13,✔️ 2/2,12. AKASHIIIC,2,74
#2G8PU0GLJ,#2G8PU0GLJ-20251030-BLACKLIST,31/10/2025,win,BLACK LIST,#QL8V29QU8,"""Hendra""",13,✔️ 2/2,14. ذکرالله,2,99,#2RJ9YYL22,ذکرالله,13,✔️ 2/2,13. Dhiraj,3,100
#2G8PU0GLJ,#2G8PU0GLJ-20251030-BLACKLIST,31/10/2025,win,BLACK LIST,#GG8R02YY9,IKY,13,✔️ 2/2,12. امیرحسین,3,100,#2RJ9YYL22,Hossein,13,✔️ 2/2,18. zHEND,3,100
#2G8PU0GLJ,#2G8PU0GLJ-20251030-BLACKLIST,31/10/2025,win,BLACK LIST,#GG8R02YY9,IKY,13,✔️ 2/2,15. Hossein,3,100,#2RJ9YYL22,Hossein,13,✔️ 2/2,16. sarmila27,2,94
#2G8PU0GLJ,#2G8PU0GLJ-20251030-BLACKLIST,31/10/2025,win,BLACK LIST,#G9VPJGYUU,sarmila27,13,✔️ 2/2,17. GLADIATOR,3,100,#2RJ9YYL22,A J,13,❌ 1/2,9. Nurizah,2,64
#2G8PU0GLJ,#2G8PU0GLJ-20251030-BLACKLIST,31/10/2025,win,BLACK LIST,#G9VPJGYUU,sarmila27,13,✔️ 2/2,14. ذکرالله,3,100,#2RJ9YYL22,A J,13,❌ 1/2,—,—,—
#2G8PU0GLJ,#2G8PU0GLJ-20251030-BLACKLIST,31/10/2025,win,BLACK LIST,#GP9U8029L,Jo,13,✔️ 2/2,13. Zahra,3,100,#2RJ9YYL22,GLADIATOR,13,✔️ 2/2,17. Jo,2,94
#2G8PU0GLJ,#2G8PU0GLJ-20251030-BLACKLIST,31/10/2025,win,BLACK LIST,#GP9U8029L,Jo,13,✔️ 2/2,11. الیاس بلوچ,3,100,#2RJ9YYL22,GLADIATOR,13,✔️ 2/2,11. A G U N G,2,55
#2G8PU0GLJ,#2G8PU0GLJ-20251030-BLACKLIST,31/10/2025,win,BLACK LIST,#GV0URJ99G,zHEND,13,✔️ 2/2,16. A J,3,100,#2RJ9YYL22,Wolf,13,✔️ 2/2,20. IKY THXV,3,100
#2G8PU0GLJ,#2G8PU0GLJ-20251030-BLACKLIST,31/10/2025,win,BLACK LIST,#GV0URJ99G,zHEND,13,✔️ 2/2,14. ذکرالله,2,51,#2RJ9YYL22,Wolf,13,✔️ 2/2,18. zHEND,2,96
#2G8PU0GLJ,#2G8PU0GLJ-20251030-BLACKLIST,31/10/2025,win,BLACK LIST,#GQ9U90QVL,IKY,12,✔️ 2/2,18. Wolf,3,100,#2RJ9YYL22,jem 2,13,✔️ 2/2,19. IKY,3,100
#2G8PU0GLJ,#2G8PU0GLJ-20251030-BLACKLIST,31/10/2025,win,BLACK LIST,#GQ9U90QVL,IKY,12,✔️ 2/2,17. GLADIATOR,2,94,#2RJ9YYL22,jem 2,13,✔️ 2/2,18. zHEND,1,96
#2G8PU0GLJ,#2G8PU0GLJ-20251030-BLACKLIST,31/10/2025,win,BLACK LIST,#GU892C02J,IKY THXV,12,✔️ 2/2,20. romi,0,0,#2RJ9YYL22,romi,11,✔️ 2/2,18. zHEND,1,65
#2G8PU0GLJ,#2G8PU0GLJ-20251030-BLACKLIST,31/10/2025,win,BLACK LIST,#GU892C02J,IKY THXV,12,✔️ 2/2,19. jem 2,3,100,#2RJ9YYL22,romi,11,✔️ 2/2,17. Jo,1,50